"SecretarialAreaCode","SecretarialAreaTitle","AgencyCode","AgencyTitle","bill","year","type","amount"
"03","Education","146","The Science Museum of Virginia","1283","2019","GF",5263401
"03","Education","146","The Science Museum of Virginia","1283","2019","NGF",6228796
"03","Education","146","The Science Museum of Virginia","1283","2019","Total",11492197
"03","Education","146","The Science Museum of Virginia","1283","2020","GF",5263401
"03","Education","146","The Science Museum of Virginia","1283","2020","NGF",6228796
"03","Education","146","The Science Museum of Virginia","1283","2020","Total",11492197
"03","Education","146","The Science Museum of Virginia","1","2021","GF",5444487
"03","Education","146","The Science Museum of Virginia","1","2021","NGF",5228192
"03","Education","146","The Science Museum of Virginia","1","2021","Total",10672679
"03","Education","146","The Science Museum of Virginia","1","2022","GF",5654487
"03","Education","146","The Science Museum of Virginia","1","2022","NGF",5228192
"03","Education","146","The Science Museum of Virginia","1","2022","Total",10882679
"03","Education","146","The Science Museum of Virginia","1","2023","GF",6255446
"03","Education","146","The Science Museum of Virginia","1","2023","NGF",5586950
"03","Education","146","The Science Museum of Virginia","1","2023","Total",11842396
"03","Education","146","The Science Museum of Virginia","1","2024","GF",6255446
"03","Education","146","The Science Museum of Virginia","1","2024","NGF",5586950
"03","Education","146","The Science Museum of Virginia","1","2024","Total",11842396
"03","Education","148","Virginia Commission for the Arts","1283","2019","GF",3712138
"03","Education","148","Virginia Commission for the Arts","1283","2019","NGF",808132
"03","Education","148","Virginia Commission for the Arts","1283","2019","Total",4520270
"03","Education","148","Virginia Commission for the Arts","1283","2020","GF",3855138
"03","Education","148","Virginia Commission for the Arts","1283","2020","NGF",808132
"03","Education","148","Virginia Commission for the Arts","1283","2020","Total",4663270
"03","Education","148","Virginia Commission for the Arts","1","2021","GF",3981248
"03","Education","148","Virginia Commission for the Arts","1","2021","NGF",750794
"03","Education","148","Virginia Commission for the Arts","1","2021","Total",4732042
"03","Education","148","Virginia Commission for the Arts","1","2022","GF",3981248
"03","Education","148","Virginia Commission for the Arts","1","2022","NGF",750794
"03","Education","148","Virginia Commission for the Arts","1","2022","Total",4732042
"03","Education","148","Virginia Commission for the Arts","1","2023","GF",5328887
"03","Education","148","Virginia Commission for the Arts","1","2023","NGF",756779
"03","Education","148","Virginia Commission for the Arts","1","2023","Total",6085666
"03","Education","148","Virginia Commission for the Arts","1","2024","GF",6249387
"03","Education","148","Virginia Commission for the Arts","1","2024","NGF",756779
"03","Education","148","Virginia Commission for the Arts","1","2024","Total",7006166
"03","Education","185","Secretary of Education","1283","2019","GF",694565
"03","Education","185","Secretary of Education","1283","2019","NGF",0
"03","Education","185","Secretary of Education","1283","2019","Total",694565
"03","Education","185","Secretary of Education","1283","2020","GF",694565
"03","Education","185","Secretary of Education","1283","2020","NGF",0
"03","Education","185","Secretary of Education","1283","2020","Total",694565
"03","Education","185","Secretary of Education","1","2021","GF",725468
"03","Education","185","Secretary of Education","1","2021","NGF",0
"03","Education","185","Secretary of Education","1","2021","Total",725468
"03","Education","185","Secretary of Education","1","2022","GF",725468
"03","Education","185","Secretary of Education","1","2022","NGF",0
"03","Education","185","Secretary of Education","1","2022","Total",725468
"03","Education","185","Secretary of Education","1","2023","GF",774902
"03","Education","185","Secretary of Education","1","2023","NGF",0
"03","Education","185","Secretary of Education","1","2023","Total",774902
"03","Education","185","Secretary of Education","1","2024","GF",774902
"03","Education","185","Secretary of Education","1","2024","NGF",0
"03","Education","185","Secretary of Education","1","2024","Total",774902
"03","Education","197","Direct Aid to Public Education","1283","2019","GF",6258717882
"03","Education","197","Direct Aid to Public Education","1283","2019","NGF",1813268450
"03","Education","197","Direct Aid to Public Education","1283","2019","Total",8071986332
"03","Education","197","Direct Aid to Public Education","1283","2020","GF",6556846161
"03","Education","197","Direct Aid to Public Education","1283","2020","NGF",1819319667
"03","Education","197","Direct Aid to Public Education","1283","2020","Total",8376165828
"03","Education","197","Direct Aid to Public Education","1","2021","GF",6857617198
"03","Education","197","Direct Aid to Public Education","1","2021","NGF",1992351356
"03","Education","197","Direct Aid to Public Education","1","2021","Total",8849968554
"03","Education","197","Direct Aid to Public Education","1","2022","GF",7180933220
"03","Education","197","Direct Aid to Public Education","1","2022","NGF",2004726703
"03","Education","197","Direct Aid to Public Education","1","2022","Total",9185659923
"03","Education","197","Direct Aid to Public Education","1","2023","GF",9143956725
"03","Education","197","Direct Aid to Public Education","1","2023","NGF",1960365888
"03","Education","197","Direct Aid to Public Education","1","2023","Total",11104322613
"03","Education","197","Direct Aid to Public Education","1","2024","GF",8928053096
"03","Education","197","Direct Aid to Public Education","1","2024","NGF",2070513379
"03","Education","197","Direct Aid to Public Education","1","2024","Total",10998566475
"03","Education","201","Department of Education, Central Office Operations","1283","2019","GF",61947187
"03","Education","201","Department of Education, Central Office Operations","1283","2019","NGF",46717981
"03","Education","201","Department of Education, Central Office Operations","1283","2019","Total",108665168
"03","Education","201","Department of Education, Central Office Operations","1283","2020","GF",64519602
"03","Education","201","Department of Education, Central Office Operations","1283","2020","NGF",56618929
"03","Education","201","Department of Education, Central Office Operations","1283","2020","Total",121138531
"03","Education","201","Department of Education, Central Office Operations","1","2021","GF",75141179
"03","Education","201","Department of Education, Central Office Operations","1","2021","NGF",57417607
"03","Education","201","Department of Education, Central Office Operations","1","2021","Total",132558786
"03","Education","201","Department of Education, Central Office Operations","1","2022","GF",71758582
"03","Education","201","Department of Education, Central Office Operations","1","2022","NGF",304861104
"03","Education","201","Department of Education, Central Office Operations","1","2022","Total",376619686
"03","Education","201","Department of Education, Central Office Operations","1","2023","GF",80183375
"03","Education","201","Department of Education, Central Office Operations","1","2023","NGF",337773641
"03","Education","201","Department of Education, Central Office Operations","1","2023","Total",417957016
"03","Education","201","Department of Education, Central Office Operations","1","2024","GF",81635756
"03","Education","201","Department of Education, Central Office Operations","1","2024","NGF",344295818
"03","Education","201","Department of Education, Central Office Operations","1","2024","Total",425931574
"03","Education","202","The Library Of Virginia","1283","2019","GF",30097055
"03","Education","202","The Library Of Virginia","1283","2019","NGF",8927623
"03","Education","202","The Library Of Virginia","1283","2019","Total",39024678
"03","Education","202","The Library Of Virginia","1283","2020","GF",30717850
"03","Education","202","The Library Of Virginia","1283","2020","NGF",8927623
"03","Education","202","The Library Of Virginia","1283","2020","Total",39645473
"03","Education","202","The Library Of Virginia","1","2021","GF",32524775
"03","Education","202","The Library Of Virginia","1","2021","NGF",9324541
"03","Education","202","The Library Of Virginia","1","2021","Total",41849316
"03","Education","202","The Library Of Virginia","1","2022","GF",32524775
"03","Education","202","The Library Of Virginia","1","2022","NGF",9324541
"03","Education","202","The Library Of Virginia","1","2022","Total",41849316
"03","Education","202","The Library Of Virginia","1","2023","GF",37185282
"03","Education","202","The Library Of Virginia","1","2023","NGF",9323113
"03","Education","202","The Library Of Virginia","1","2023","Total",46508395
"03","Education","202","The Library Of Virginia","1","2024","GF",41895779
"03","Education","202","The Library Of Virginia","1","2024","NGF",9323113
"03","Education","202","The Library Of Virginia","1","2024","Total",51218892
"03","Education","204","The College of William and Mary in Virginia","1283","2019","GF",48255414
"03","Education","204","The College of William and Mary in Virginia","1283","2019","NGF",331117539
"03","Education","204","The College of William and Mary in Virginia","1283","2019","Total",379372953
"03","Education","204","The College of William and Mary in Virginia","1283","2020","GF",51049308
"03","Education","204","The College of William and Mary in Virginia","1283","2020","NGF",331117539
"03","Education","204","The College of William and Mary in Virginia","1283","2020","Total",382166847
"03","Education","204","The College of William and Mary in Virginia","1","2021","GF",54664162
"03","Education","204","The College of William and Mary in Virginia","1","2021","NGF",343764535
"03","Education","204","The College of William and Mary in Virginia","1","2021","Total",398428697
"03","Education","204","The College of William and Mary in Virginia","1","2022","GF",55497162
"03","Education","204","The College of William and Mary in Virginia","1","2022","NGF",343764535
"03","Education","204","The College of William and Mary in Virginia","1","2022","Total",399261697
"03","Education","204","The College of William and Mary in Virginia","1","2023","GF",69752363
"03","Education","204","The College of William and Mary in Virginia","1","2023","NGF",356550806
"03","Education","204","The College of William and Mary in Virginia","1","2023","Total",426303169
"03","Education","204","The College of William and Mary in Virginia","1","2024","GF",68106563
"03","Education","204","The College of William and Mary in Virginia","1","2024","NGF",356799806
"03","Education","204","The College of William and Mary in Virginia","1","2024","Total",424906369
"03","Education","207","University of Virginia","1283","2019","GF",150498551
"03","Education","207","University of Virginia","1283","2019","NGF",1484409313
"03","Education","207","University of Virginia","1283","2019","Total",1634907864
"03","Education","207","University of Virginia","1283","2020","GF",153419244
"03","Education","207","University of Virginia","1283","2020","NGF",1524080699
"03","Education","207","University of Virginia","1283","2020","Total",1677499943
"03","Education","207","University of Virginia","1","2021","GF",164734960
"03","Education","207","University of Virginia","1","2021","NGF",1567378042
"03","Education","207","University of Virginia","1","2021","Total",1732113002
"03","Education","207","University of Virginia","1","2022","GF",167555260
"03","Education","207","University of Virginia","1","2022","NGF",1567378042
"03","Education","207","University of Virginia","1","2022","Total",1734933302
"03","Education","207","University of Virginia","1","2023","GF",205704005
"03","Education","207","University of Virginia","1","2023","NGF",1605426297
"03","Education","207","University of Virginia","1","2023","Total",1811130302
"03","Education","207","University of Virginia","1","2024","GF",210922905
"03","Education","207","University of Virginia","1","2024","NGF",1609501193
"03","Education","207","University of Virginia","1","2024","Total",1820424098
"03","Education","208","Virginia Polytechnic Institute and State University","1283","2019","GF",191215607
"03","Education","208","Virginia Polytechnic Institute and State University","1283","2019","NGF",1246587650
"03","Education","208","Virginia Polytechnic Institute and State University","1283","2019","Total",1437803257
"03","Education","208","Virginia Polytechnic Institute and State University","1283","2020","GF",198602192
"03","Education","208","Virginia Polytechnic Institute and State University","1283","2020","NGF",1246587650
"03","Education","208","Virginia Polytechnic Institute and State University","1283","2020","Total",1445189842
"03","Education","208","Virginia Polytechnic Institute and State University","1","2021","GF",211424939
"03","Education","208","Virginia Polytechnic Institute and State University","1","2021","NGF",1322247168
"03","Education","208","Virginia Polytechnic Institute and State University","1","2021","Total",1533672107
"03","Education","208","Virginia Polytechnic Institute and State University","1","2022","GF",213198139
"03","Education","208","Virginia Polytechnic Institute and State University","1","2022","NGF",1322247168
"03","Education","208","Virginia Polytechnic Institute and State University","1","2022","Total",1535445307
"03","Education","208","Virginia Polytechnic Institute and State University","1","2023","GF",250612751
"03","Education","208","Virginia Polytechnic Institute and State University","1","2023","NGF",1387650822
"03","Education","208","Virginia Polytechnic Institute and State University","1","2023","Total",1638263573
"03","Education","208","Virginia Polytechnic Institute and State University","1","2024","GF",258513813
"03","Education","208","Virginia Polytechnic Institute and State University","1","2024","NGF",1388384822
"03","Education","208","Virginia Polytechnic Institute and State University","1","2024","Total",1646898635
"03","Education","209","University of Virginia Medical Center","1283","2019","GF",0
"03","Education","209","University of Virginia Medical Center","1283","2019","NGF",1874877027
"03","Education","209","University of Virginia Medical Center","1283","2019","Total",1874877027
"03","Education","209","University of Virginia Medical Center","1283","2020","GF",0
"03","Education","209","University of Virginia Medical Center","1283","2020","NGF",1987715855
"03","Education","209","University of Virginia Medical Center","1283","2020","Total",1987715855
"03","Education","209","University of Virginia Medical Center","1","2021","GF",0
"03","Education","209","University of Virginia Medical Center","1","2021","NGF",2121343665
"03","Education","209","University of Virginia Medical Center","1","2021","Total",2121343665
"03","Education","209","University of Virginia Medical Center","1","2022","GF",0
"03","Education","209","University of Virginia Medical Center","1","2022","NGF",2252140011
"03","Education","209","University of Virginia Medical Center","1","2022","Total",2252140011
"03","Education","209","University of Virginia Medical Center","1","2023","GF",0
"03","Education","209","University of Virginia Medical Center","1","2023","NGF",2331852899
"03","Education","209","University of Virginia Medical Center","1","2023","Total",2331852899
"03","Education","209","University of Virginia Medical Center","1","2024","GF",0
"03","Education","209","University of Virginia Medical Center","1","2024","NGF",2429057746
"03","Education","209","University of Virginia Medical Center","1","2024","Total",2429057746
"03","Education","211","Virginia Military Institute","1283","2019","GF",15241892
"03","Education","211","Virginia Military Institute","1283","2019","NGF",70108461
"03","Education","211","Virginia Military Institute","1283","2019","Total",85350353
"03","Education","211","Virginia Military Institute","1283","2020","GF",18269140
"03","Education","211","Virginia Military Institute","1283","2020","NGF",70508023
"03","Education","211","Virginia Military Institute","1283","2020","Total",88777163
"03","Education","211","Virginia Military Institute","1","2021","GF",19414248
"03","Education","211","Virginia Military Institute","1","2021","NGF",71642738
"03","Education","211","Virginia Military Institute","1","2021","Total",91056986
"03","Education","211","Virginia Military Institute","1","2022","GF",19669996
"03","Education","211","Virginia Military Institute","1","2022","NGF",71642738
"03","Education","211","Virginia Military Institute","1","2022","Total",91312734
"03","Education","211","Virginia Military Institute","1","2023","GF",28271965
"03","Education","211","Virginia Military Institute","1","2023","NGF",77474788
"03","Education","211","Virginia Military Institute","1","2023","Total",105746753
"03","Education","211","Virginia Military Institute","1","2024","GF",27547265
"03","Education","211","Virginia Military Institute","1","2024","NGF",77274228
"03","Education","211","Virginia Military Institute","1","2024","Total",104821493
"03","Education","212","Virginia State University","1283","2019","GF",44982297
"03","Education","212","Virginia State University","1283","2019","NGF",121300003
"03","Education","212","Virginia State University","1283","2019","Total",166282300
"03","Education","212","Virginia State University","1283","2020","GF",46527747
"03","Education","212","Virginia State University","1283","2020","NGF",121524467
"03","Education","212","Virginia State University","1283","2020","Total",168052214
"03","Education","212","Virginia State University","1","2021","GF",55105685
"03","Education","212","Virginia State University","1","2021","NGF",128680604
"03","Education","212","Virginia State University","1","2021","Total",183786289
"03","Education","212","Virginia State University","1","2022","GF",56304410
"03","Education","212","Virginia State University","1","2022","NGF",128680604
"03","Education","212","Virginia State University","1","2022","Total",184985014
"03","Education","212","Virginia State University","1","2023","GF",80400715
"03","Education","212","Virginia State University","1","2023","NGF",131216022
"03","Education","212","Virginia State University","1","2023","Total",211616737
"03","Education","212","Virginia State University","1","2024","GF",85074537
"03","Education","212","Virginia State University","1","2024","NGF",131216022
"03","Education","212","Virginia State University","1","2024","Total",216290559
"03","Education","213","Norfolk State University","1283","2019","GF",58802816
"03","Education","213","Norfolk State University","1283","2019","NGF",104624747
"03","Education","213","Norfolk State University","1283","2019","Total",163427563
"03","Education","213","Norfolk State University","1283","2020","GF",61232527
"03","Education","213","Norfolk State University","1283","2020","NGF",104978737
"03","Education","213","Norfolk State University","1283","2020","Total",166211264
"03","Education","213","Norfolk State University","1","2021","GF",70934961
"03","Education","213","Norfolk State University","1","2021","NGF",109203387
"03","Education","213","Norfolk State University","1","2021","Total",180138348
"03","Education","213","Norfolk State University","1","2022","GF",80480336
"03","Education","213","Norfolk State University","1","2022","NGF",109203387
"03","Education","213","Norfolk State University","1","2022","Total",189683723
"03","Education","213","Norfolk State University","1","2023","GF",104053386
"03","Education","213","Norfolk State University","1","2023","NGF",119408910
"03","Education","213","Norfolk State University","1","2023","Total",223462296
"03","Education","213","Norfolk State University","1","2024","GF",107099295
"03","Education","213","Norfolk State University","1","2024","NGF",119408910
"03","Education","213","Norfolk State University","1","2024","Total",226508205
"03","Education","214","Longwood University","1283","2019","GF",33227949
"03","Education","214","Longwood University","1283","2019","NGF",111987754
"03","Education","214","Longwood University","1283","2019","Total",145215703
"03","Education","214","Longwood University","1283","2020","GF",35119231
"03","Education","214","Longwood University","1283","2020","NGF",112537754
"03","Education","214","Longwood University","1283","2020","Total",147656985
"03","Education","214","Longwood University","1","2021","GF",37288672
"03","Education","214","Longwood University","1","2021","NGF",113928071
"03","Education","214","Longwood University","1","2021","Total",151216743
"03","Education","214","Longwood University","1","2022","GF",38213482
"03","Education","214","Longwood University","1","2022","NGF",116428071
"03","Education","214","Longwood University","1","2022","Total",154641553
"03","Education","214","Longwood University","1","2023","GF",46114559
"03","Education","214","Longwood University","1","2023","NGF",118386759
"03","Education","214","Longwood University","1","2023","Total",164501318
"03","Education","214","Longwood University","1","2024","GF",47654759
"03","Education","214","Longwood University","1","2024","NGF",118386759
"03","Education","214","Longwood University","1","2024","Total",166041518
"03","Education","215","University of Mary Washington","1283","2019","GF",32284770
"03","Education","215","University of Mary Washington","1283","2019","NGF",106286963
"03","Education","215","University of Mary Washington","1283","2019","Total",138571733
"03","Education","215","University of Mary Washington","1283","2020","GF",33357601
"03","Education","215","University of Mary Washington","1283","2020","NGF",106286963
"03","Education","215","University of Mary Washington","1283","2020","Total",139644564
"03","Education","215","University of Mary Washington","1","2021","GF",35475679
"03","Education","215","University of Mary Washington","1","2021","NGF",108116030
"03","Education","215","University of Mary Washington","1","2021","Total",143591709
"03","Education","215","University of Mary Washington","1","2022","GF",36513979
"03","Education","215","University of Mary Washington","1","2022","NGF",108616030
"03","Education","215","University of Mary Washington","1","2022","Total",145130009
"03","Education","215","University of Mary Washington","1","2023","GF",46683782
"03","Education","215","University of Mary Washington","1","2023","NGF",118382024
"03","Education","215","University of Mary Washington","1","2023","Total",165065806
"03","Education","215","University of Mary Washington","1","2024","GF",48210782
"03","Education","215","University of Mary Washington","1","2024","NGF",118382024
"03","Education","215","University of Mary Washington","1","2024","Total",166592806
"03","Education","216","James Madison University","1283","2019","GF",93924239
"03","Education","216","James Madison University","1283","2019","NGF",490557543
"03","Education","216","James Madison University","1283","2019","Total",584481782
"03","Education","216","James Madison University","1283","2020","GF",98202166
"03","Education","216","James Madison University","1283","2020","NGF",490557543
"03","Education","216","James Madison University","1283","2020","Total",588759709
"03","Education","216","James Madison University","1","2021","GF",108156098
"03","Education","216","James Madison University","1","2021","NGF",542779447
"03","Education","216","James Madison University","1","2021","Total",650935545
"03","Education","216","James Madison University","1","2022","GF",113435498
"03","Education","216","James Madison University","1","2022","NGF",542779447
"03","Education","216","James Madison University","1","2022","Total",656214945
"03","Education","216","James Madison University","1","2023","GF",144494225
"03","Education","216","James Madison University","1","2023","NGF",556485957
"03","Education","216","James Madison University","1","2023","Total",700980182
"03","Education","216","James Madison University","1","2024","GF",150126913
"03","Education","216","James Madison University","1","2024","NGF",556485957
"03","Education","216","James Madison University","1","2024","Total",706612870
"03","Education","217","Radford University","1283","2019","GF",62485517
"03","Education","217","Radford University","1283","2019","NGF",150718412
"03","Education","217","Radford University","1283","2019","Total",213203929
"03","Education","217","Radford University","1283","2020","GF",66215605
"03","Education","217","Radford University","1283","2020","NGF",171352660
"03","Education","217","Radford University","1283","2020","Total",237568265
"03","Education","217","Radford University","1","2021","GF",70057608
"03","Education","217","Radford University","1","2021","NGF",178894801
"03","Education","217","Radford University","1","2021","Total",248952409
"03","Education","217","Radford University","1","2022","GF",80596008
"03","Education","217","Radford University","1","2022","NGF",178894801
"03","Education","217","Radford University","1","2022","Total",259490809
"03","Education","217","Radford University","1","2023","GF",94904364
"03","Education","217","Radford University","1","2023","NGF",162057851
"03","Education","217","Radford University","1","2023","Total",256962215
"03","Education","217","Radford University","1","2024","GF",103261064
"03","Education","217","Radford University","1","2024","NGF",162057851
"03","Education","217","Radford University","1","2024","Total",265318915
"03","Education","218","Virginia School for the Deaf and the Blind","1283","2019","GF",10784090
"03","Education","218","Virginia School for the Deaf and the Blind","1283","2019","NGF",1306082
"03","Education","218","Virginia School for the Deaf and the Blind","1283","2019","Total",12090172
"03","Education","218","Virginia School for the Deaf and the Blind","1283","2020","GF",10784090
"03","Education","218","Virginia School for the Deaf and the Blind","1283","2020","NGF",1306082
"03","Education","218","Virginia School for the Deaf and the Blind","1283","2020","Total",12090172
"03","Education","218","Virginia School for the Deaf and the Blind","1","2021","GF",11402948
"03","Education","218","Virginia School for the Deaf and the Blind","1","2021","NGF",1321287
"03","Education","218","Virginia School for the Deaf and the Blind","1","2021","Total",12724235
"03","Education","218","Virginia School for the Deaf and the Blind","1","2022","GF",11402948
"03","Education","218","Virginia School for the Deaf and the Blind","1","2022","NGF",1321287
"03","Education","218","Virginia School for the Deaf and the Blind","1","2022","Total",12724235
"03","Education","218","Virginia School for the Deaf and the Blind","1","2023","GF",12385654
"03","Education","218","Virginia School for the Deaf and the Blind","1","2023","NGF",1349326
"03","Education","218","Virginia School for the Deaf and the Blind","1","2023","Total",13734980
"03","Education","218","Virginia School for the Deaf and the Blind","1","2024","GF",11940654
"03","Education","218","Virginia School for the Deaf and the Blind","1","2024","NGF",1349326
"03","Education","218","Virginia School for the Deaf and the Blind","1","2024","Total",13289980
"03","Education","221","Old Dominion University","1283","2019","GF",151806536
"03","Education","221","Old Dominion University","1283","2019","NGF",307644383
"03","Education","221","Old Dominion University","1283","2019","Total",459450919
"03","Education","221","Old Dominion University","1283","2020","GF",157134786
"03","Education","221","Old Dominion University","1283","2020","NGF",315799871
"03","Education","221","Old Dominion University","1283","2020","Total",472934657
"03","Education","221","Old Dominion University","1","2021","GF",174522434
"03","Education","221","Old Dominion University","1","2021","NGF",323432574
"03","Education","221","Old Dominion University","1","2021","Total",497955008
"03","Education","221","Old Dominion University","1","2022","GF",184359434
"03","Education","221","Old Dominion University","1","2022","NGF",323432574
"03","Education","221","Old Dominion University","1","2022","Total",507792008
"03","Education","221","Old Dominion University","1","2023","GF",216033362
"03","Education","221","Old Dominion University","1","2023","NGF",331021299
"03","Education","221","Old Dominion University","1","2023","Total",547054661
"03","Education","221","Old Dominion University","1","2024","GF",234251812
"03","Education","221","Old Dominion University","1","2024","NGF",331452299
"03","Education","221","Old Dominion University","1","2024","Total",565704111
"03","Education","229","Virginia Cooperative Extension and Agricultural Experiment Station","1283","2019","GF",71916297
"03","Education","229","Virginia Cooperative Extension and Agricultural Experiment Station","1283","2019","NGF",18170708
"03","Education","229","Virginia Cooperative Extension and Agricultural Experiment Station","1283","2019","Total",90087005
"03","Education","229","Virginia Cooperative Extension and Agricultural Experiment Station","1283","2020","GF",72960664
"03","Education","229","Virginia Cooperative Extension and Agricultural Experiment Station","1283","2020","NGF",18170708
"03","Education","229","Virginia Cooperative Extension and Agricultural Experiment Station","1283","2020","Total",91131372
"03","Education","229","Virginia Cooperative Extension and Agricultural Experiment Station","1","2021","GF",74823528
"03","Education","229","Virginia Cooperative Extension and Agricultural Experiment Station","1","2021","NGF",19041304
"03","Education","229","Virginia Cooperative Extension and Agricultural Experiment Station","1","2021","Total",93864832
"03","Education","229","Virginia Cooperative Extension and Agricultural Experiment Station","1","2022","GF",75823528
"03","Education","229","Virginia Cooperative Extension and Agricultural Experiment Station","1","2022","NGF",19041304
"03","Education","229","Virginia Cooperative Extension and Agricultural Experiment Station","1","2022","Total",94864832
"03","Education","229","Virginia Cooperative Extension and Agricultural Experiment Station","1","2023","GF",82626439
"03","Education","229","Virginia Cooperative Extension and Agricultural Experiment Station","1","2023","NGF",19287847
"03","Education","229","Virginia Cooperative Extension and Agricultural Experiment Station","1","2023","Total",101914286
"03","Education","229","Virginia Cooperative Extension and Agricultural Experiment Station","1","2024","GF",81757439
"03","Education","229","Virginia Cooperative Extension and Agricultural Experiment Station","1","2024","NGF",19292847
"03","Education","229","Virginia Cooperative Extension and Agricultural Experiment Station","1","2024","Total",101050286
"03","Education","234","Cooperative Extension and Agricultural Research Services","1283","2019","GF",5590340
"03","Education","234","Cooperative Extension and Agricultural Research Services","1283","2019","NGF",6641316
"03","Education","234","Cooperative Extension and Agricultural Research Services","1283","2019","Total",12231656
"03","Education","234","Cooperative Extension and Agricultural Research Services","1283","2020","GF",5590340
"03","Education","234","Cooperative Extension and Agricultural Research Services","1283","2020","NGF",6641316
"03","Education","234","Cooperative Extension and Agricultural Research Services","1283","2020","Total",12231656
"03","Education","234","Cooperative Extension and Agricultural Research Services","1","2021","GF",7126822
"03","Education","234","Cooperative Extension and Agricultural Research Services","1","2021","NGF",6825458
"03","Education","234","Cooperative Extension and Agricultural Research Services","1","2021","Total",13952280
"03","Education","234","Cooperative Extension and Agricultural Research Services","1","2022","GF",7199920
"03","Education","234","Cooperative Extension and Agricultural Research Services","1","2022","NGF",6825458
"03","Education","234","Cooperative Extension and Agricultural Research Services","1","2022","Total",14025378
"03","Education","234","Cooperative Extension and Agricultural Research Services","1","2023","GF",7310969
"03","Education","234","Cooperative Extension and Agricultural Research Services","1","2023","NGF",7079229
"03","Education","234","Cooperative Extension and Agricultural Research Services","1","2023","Total",14390198
"03","Education","234","Cooperative Extension and Agricultural Research Services","1","2024","GF",9097258
"03","Education","234","Cooperative Extension and Agricultural Research Services","1","2024","NGF",7079229
"03","Education","234","Cooperative Extension and Agricultural Research Services","1","2024","Total",16176487
"03","Education","236","Virginia Commonwealth University","1283","2019","GF",224583999
"03","Education","236","Virginia Commonwealth University","1283","2019","NGF",1021190875
"03","Education","236","Virginia Commonwealth University","1283","2019","Total",1245774874
"03","Education","236","Virginia Commonwealth University","1283","2020","GF",232510818
"03","Education","236","Virginia Commonwealth University","1283","2020","NGF",1022812957
"03","Education","236","Virginia Commonwealth University","1283","2020","Total",1255323775
"03","Education","236","Virginia Commonwealth University","1","2021","GF",249504221
"03","Education","236","Virginia Commonwealth University","1","2021","NGF",1063693833
"03","Education","236","Virginia Commonwealth University","1","2021","Total",1313198054
"03","Education","236","Virginia Commonwealth University","1","2022","GF",256599828
"03","Education","236","Virginia Commonwealth University","1","2022","NGF",1063693833
"03","Education","236","Virginia Commonwealth University","1","2022","Total",1320293661
"03","Education","236","Virginia Commonwealth University","1","2023","GF",308887044
"03","Education","236","Virginia Commonwealth University","1","2023","NGF",1082527680
"03","Education","236","Virginia Commonwealth University","1","2023","Total",1391414724
"03","Education","236","Virginia Commonwealth University","1","2024","GF",317262944
"03","Education","236","Virginia Commonwealth University","1","2024","NGF",1082737680
"03","Education","236","Virginia Commonwealth University","1","2024","Total",1400000624
"03","Education","238","Virginia Museum of Fine Arts","1283","2019","GF",10119079
"03","Education","238","Virginia Museum of Fine Arts","1283","2019","NGF",31860017
"03","Education","238","Virginia Museum of Fine Arts","1283","2019","Total",41979096
"03","Education","238","Virginia Museum of Fine Arts","1283","2020","GF",10640835
"03","Education","238","Virginia Museum of Fine Arts","1283","2020","NGF",31860017
"03","Education","238","Virginia Museum of Fine Arts","1283","2020","Total",42500852
"03","Education","238","Virginia Museum of Fine Arts","1","2021","GF",11231871
"03","Education","238","Virginia Museum of Fine Arts","1","2021","NGF",32661012
"03","Education","238","Virginia Museum of Fine Arts","1","2021","Total",43892883
"03","Education","238","Virginia Museum of Fine Arts","1","2022","GF",12236195
"03","Education","238","Virginia Museum of Fine Arts","1","2022","NGF",32661012
"03","Education","238","Virginia Museum of Fine Arts","1","2022","Total",44897207
"03","Education","238","Virginia Museum of Fine Arts","1","2023","GF",13333920
"03","Education","238","Virginia Museum of Fine Arts","1","2023","NGF",32891074
"03","Education","238","Virginia Museum of Fine Arts","1","2023","Total",46224994
"03","Education","238","Virginia Museum of Fine Arts","1","2024","GF",12195032
"03","Education","238","Virginia Museum of Fine Arts","1","2024","NGF",32891074
"03","Education","238","Virginia Museum of Fine Arts","1","2024","Total",45086106
"03","Education","239","Frontier Culture Museum of Virginia","1283","2019","GF",1891936
"03","Education","239","Frontier Culture Museum of Virginia","1283","2019","NGF",705780
"03","Education","239","Frontier Culture Museum of Virginia","1283","2019","Total",2597716
"03","Education","239","Frontier Culture Museum of Virginia","1283","2020","GF",2281936
"03","Education","239","Frontier Culture Museum of Virginia","1283","2020","NGF",705780
"03","Education","239","Frontier Culture Museum of Virginia","1283","2020","Total",2987716
"03","Education","239","Frontier Culture Museum of Virginia","1","2021","GF",2379699
"03","Education","239","Frontier Culture Museum of Virginia","1","2021","NGF",735699
"03","Education","239","Frontier Culture Museum of Virginia","1","2021","Total",3115398
"03","Education","239","Frontier Culture Museum of Virginia","1","2022","GF",2442262
"03","Education","239","Frontier Culture Museum of Virginia","1","2022","NGF",735699
"03","Education","239","Frontier Culture Museum of Virginia","1","2022","Total",3177961
"03","Education","239","Frontier Culture Museum of Virginia","1","2023","GF",2701670
"03","Education","239","Frontier Culture Museum of Virginia","1","2023","NGF",780535
"03","Education","239","Frontier Culture Museum of Virginia","1","2023","Total",3482205
"03","Education","239","Frontier Culture Museum of Virginia","1","2024","GF",2681085
"03","Education","239","Frontier Culture Museum of Virginia","1","2024","NGF",780535
"03","Education","239","Frontier Culture Museum of Virginia","1","2024","Total",3461620
"03","Education","241","Richard Bland College","1283","2019","GF",8385398
"03","Education","241","Richard Bland College","1283","2019","NGF",10458466
"03","Education","241","Richard Bland College","1283","2019","Total",18843864
"03","Education","241","Richard Bland College","1283","2020","GF",9367924
"03","Education","241","Richard Bland College","1283","2020","NGF",10528466
"03","Education","241","Richard Bland College","1283","2020","Total",19896390
"03","Education","241","Richard Bland College","1","2021","GF",9801094
"03","Education","241","Richard Bland College","1","2021","NGF",10699410
"03","Education","241","Richard Bland College","1","2021","Total",20500504
"03","Education","241","Richard Bland College","1","2022","GF",10757394
"03","Education","241","Richard Bland College","1","2022","NGF",10699410
"03","Education","241","Richard Bland College","1","2022","Total",21456804
"03","Education","241","Richard Bland College","1","2023","GF",14215486
"03","Education","241","Richard Bland College","1","2023","NGF",10982490
"03","Education","241","Richard Bland College","1","2023","Total",25197976
"03","Education","241","Richard Bland College","1","2024","GF",14895786
"03","Education","241","Richard Bland College","1","2024","NGF",11077490
"03","Education","241","Richard Bland College","1","2024","Total",25973276
"03","Education","242","Christopher Newport University","1283","2019","GF",34150888
"03","Education","242","Christopher Newport University","1283","2019","NGF",132744872
"03","Education","242","Christopher Newport University","1283","2019","Total",166895760
"03","Education","242","Christopher Newport University","1283","2020","GF",36255568
"03","Education","242","Christopher Newport University","1283","2020","NGF",132744872
"03","Education","242","Christopher Newport University","1283","2020","Total",169000440
"03","Education","242","Christopher Newport University","1","2021","GF",39211281
"03","Education","242","Christopher Newport University","1","2021","NGF",134501836
"03","Education","242","Christopher Newport University","1","2021","Total",173713117
"03","Education","242","Christopher Newport University","1","2022","GF",40479881
"03","Education","242","Christopher Newport University","1","2022","NGF",135153336
"03","Education","242","Christopher Newport University","1","2022","Total",175633217
"03","Education","242","Christopher Newport University","1","2023","GF",50301699
"03","Education","242","Christopher Newport University","1","2023","NGF",137909016
"03","Education","242","Christopher Newport University","1","2023","Total",188210715
"03","Education","242","Christopher Newport University","1","2024","GF",51366899
"03","Education","242","Christopher Newport University","1","2024","NGF",137913016
"03","Education","242","Christopher Newport University","1","2024","Total",189279915
"03","Education","244","Online Virginia Network Authority","1283","2019","GF",3e+06
"03","Education","244","Online Virginia Network Authority","1283","2019","NGF",0
"03","Education","244","Online Virginia Network Authority","1283","2019","Total",3e+06
"03","Education","244","Online Virginia Network Authority","1283","2020","GF",3e+06
"03","Education","244","Online Virginia Network Authority","1283","2020","NGF",0
"03","Education","244","Online Virginia Network Authority","1283","2020","Total",3e+06
"03","Education","244","Online Virginia Network Authority","1","2021","GF",4e+06
"03","Education","244","Online Virginia Network Authority","1","2021","NGF",0
"03","Education","244","Online Virginia Network Authority","1","2021","Total",4e+06
"03","Education","244","Online Virginia Network Authority","1","2022","GF",4e+06
"03","Education","244","Online Virginia Network Authority","1","2022","NGF",0
"03","Education","244","Online Virginia Network Authority","1","2022","Total",4e+06
"03","Education","244","Online Virginia Network Authority","1","2023","GF",4e+06
"03","Education","244","Online Virginia Network Authority","1","2023","NGF",0
"03","Education","244","Online Virginia Network Authority","1","2023","Total",4e+06
"03","Education","244","Online Virginia Network Authority","1","2024","GF",4e+06
"03","Education","244","Online Virginia Network Authority","1","2024","NGF",0
"03","Education","244","Online Virginia Network Authority","1","2024","Total",4e+06
"03","Education","245","State Council of Higher Education for Virginia","1283","2019","GF",97787040
"03","Education","245","State Council of Higher Education for Virginia","1283","2019","NGF",7277153
"03","Education","245","State Council of Higher Education for Virginia","1283","2019","Total",105064193
"03","Education","245","State Council of Higher Education for Virginia","1283","2020","GF",109316939
"03","Education","245","State Council of Higher Education for Virginia","1283","2020","NGF",7277153
"03","Education","245","State Council of Higher Education for Virginia","1283","2020","Total",116594092
"03","Education","245","State Council of Higher Education for Virginia","1","2021","GF",109680124
"03","Education","245","State Council of Higher Education for Virginia","1","2021","NGF",7444679
"03","Education","245","State Council of Higher Education for Virginia","1","2021","Total",117124803
"03","Education","245","State Council of Higher Education for Virginia","1","2022","GF",120150499
"03","Education","245","State Council of Higher Education for Virginia","1","2022","NGF",12444679
"03","Education","245","State Council of Higher Education for Virginia","1","2022","Total",132595178
"03","Education","245","State Council of Higher Education for Virginia","1","2023","GF",144501720
"03","Education","245","State Council of Higher Education for Virginia","1","2023","NGF",12519422
"03","Education","245","State Council of Higher Education for Virginia","1","2023","Total",157021142
"03","Education","245","State Council of Higher Education for Virginia","1","2024","GF",194009281
"03","Education","245","State Council of Higher Education for Virginia","1","2024","NGF",12519422
"03","Education","245","State Council of Higher Education for Virginia","1","2024","Total",206528703
"03","Education","246","University of Virginia's College at Wise","1283","2019","GF",19335069
"03","Education","246","University of Virginia's College at Wise","1283","2019","NGF",27105866
"03","Education","246","University of Virginia's College at Wise","1283","2019","Total",46440935
"03","Education","246","University of Virginia's College at Wise","1283","2020","GF",23522565
"03","Education","246","University of Virginia's College at Wise","1283","2020","NGF",26962513
"03","Education","246","University of Virginia's College at Wise","1283","2020","Total",50485078
"03","Education","246","University of Virginia's College at Wise","1","2021","GF",22092157
"03","Education","246","University of Virginia's College at Wise","1","2021","NGF",29563518
"03","Education","246","University of Virginia's College at Wise","1","2021","Total",51655675
"03","Education","246","University of Virginia's College at Wise","1","2022","GF",23305769
"03","Education","246","University of Virginia's College at Wise","1","2022","NGF",33313130
"03","Education","246","University of Virginia's College at Wise","1","2022","Total",56618899
"03","Education","246","University of Virginia's College at Wise","1","2023","GF",33715849
"03","Education","246","University of Virginia's College at Wise","1","2023","NGF",30882821
"03","Education","246","University of Virginia's College at Wise","1","2023","Total",64598670
"03","Education","246","University of Virginia's College at Wise","1","2024","GF",33016859
"03","Education","246","University of Virginia's College at Wise","1","2024","NGF",31396385
"03","Education","246","University of Virginia's College at Wise","1","2024","Total",64413244
"03","Education","247","George Mason University","1283","2019","GF",165889872
"03","Education","247","George Mason University","1283","2019","NGF",940829644
"03","Education","247","George Mason University","1283","2019","Total",1106719516
"03","Education","247","George Mason University","1283","2020","GF",176146280
"03","Education","247","George Mason University","1283","2020","NGF",944129644
"03","Education","247","George Mason University","1283","2020","Total",1120275924
"03","Education","247","George Mason University","1","2021","GF",199222793
"03","Education","247","George Mason University","1","2021","NGF",999981227
"03","Education","247","George Mason University","1","2021","Total",1199204020
"03","Education","247","George Mason University","1","2022","GF",208167693
"03","Education","247","George Mason University","1","2022","NGF",1001981227
"03","Education","247","George Mason University","1","2022","Total",1210148920
"03","Education","247","George Mason University","1","2023","GF",244386594
"03","Education","247","George Mason University","1","2023","NGF",1031189228
"03","Education","247","George Mason University","1","2023","Total",1275575822
"03","Education","247","George Mason University","1","2024","GF",267482244
"03","Education","247","George Mason University","1","2024","NGF",1037596228
"03","Education","247","George Mason University","1","2024","Total",1305078472
"03","Education","260","Virginia Community College System","1283","2019","GF",440185735
"03","Education","260","Virginia Community College System","1283","2019","NGF",742618449
"03","Education","260","Virginia Community College System","1283","2019","Total",1182804184
"03","Education","260","Virginia Community College System","1283","2020","GF",451105973
"03","Education","260","Virginia Community College System","1283","2020","NGF",754118449
"03","Education","260","Virginia Community College System","1283","2020","Total",1205224422
"03","Education","260","Virginia Community College System","1","2021","GF",475404852
"03","Education","260","Virginia Community College System","1","2021","NGF",777562583
"03","Education","260","Virginia Community College System","1","2021","Total",1252967435
"03","Education","260","Virginia Community College System","1","2022","GF",515385855
"03","Education","260","Virginia Community College System","1","2022","NGF",795912583
"03","Education","260","Virginia Community College System","1","2022","Total",1311298438
"03","Education","260","Virginia Community College System","1","2023","GF",590072228
"03","Education","260","Virginia Community College System","1","2023","NGF",812064972
"03","Education","260","Virginia Community College System","1","2023","Total",1402137200
"03","Education","260","Virginia Community College System","1","2024","GF",622122228
"03","Education","260","Virginia Community College System","1","2024","NGF",812064972
"03","Education","260","Virginia Community College System","1","2024","Total",1434187200
"03","Education","268","Virginia Institute of Marine Science","1283","2019","GF",23092424
"03","Education","268","Virginia Institute of Marine Science","1283","2019","NGF",26080829
"03","Education","268","Virginia Institute of Marine Science","1283","2019","Total",49173253
"03","Education","268","Virginia Institute of Marine Science","1283","2020","GF",24470504
"03","Education","268","Virginia Institute of Marine Science","1283","2020","NGF",26082885
"03","Education","268","Virginia Institute of Marine Science","1283","2020","Total",50553389
"03","Education","268","Virginia Institute of Marine Science","1","2021","GF",25158765
"03","Education","268","Virginia Institute of Marine Science","1","2021","NGF",26457358
"03","Education","268","Virginia Institute of Marine Science","1","2021","Total",51616123
"03","Education","268","Virginia Institute of Marine Science","1","2022","GF",25818765
"03","Education","268","Virginia Institute of Marine Science","1","2022","NGF",26457358
"03","Education","268","Virginia Institute of Marine Science","1","2022","Total",52276123
"03","Education","268","Virginia Institute of Marine Science","1","2023","GF",28623723
"03","Education","268","Virginia Institute of Marine Science","1","2023","NGF",26962744
"03","Education","268","Virginia Institute of Marine Science","1","2023","Total",55586467
"03","Education","268","Virginia Institute of Marine Science","1","2024","GF",28416947
"03","Education","268","Virginia Institute of Marine Science","1","2024","NGF",26962744
"03","Education","268","Virginia Institute of Marine Science","1","2024","Total",55379691
"03","Education","274","Eastern Virginia Medical School","1283","2019","GF",26181554
"03","Education","274","Eastern Virginia Medical School","1283","2019","NGF",0
"03","Education","274","Eastern Virginia Medical School","1283","2019","Total",26181554
"03","Education","274","Eastern Virginia Medical School","1283","2020","GF",30366126
"03","Education","274","Eastern Virginia Medical School","1283","2020","NGF",0
"03","Education","274","Eastern Virginia Medical School","1283","2020","Total",30366126
"03","Education","274","Eastern Virginia Medical School","1","2021","GF",30365881
"03","Education","274","Eastern Virginia Medical School","1","2021","NGF",0
"03","Education","274","Eastern Virginia Medical School","1","2021","Total",30365881
"03","Education","274","Eastern Virginia Medical School","1","2022","GF",30365881
"03","Education","274","Eastern Virginia Medical School","1","2022","NGF",0
"03","Education","274","Eastern Virginia Medical School","1","2022","Total",30365881
"03","Education","274","Eastern Virginia Medical School","1","2023","GF",35735995
"03","Education","274","Eastern Virginia Medical School","1","2023","NGF",0
"03","Education","274","Eastern Virginia Medical School","1","2023","Total",35735995
"03","Education","274","Eastern Virginia Medical School","1","2024","GF",49835995
"03","Education","274","Eastern Virginia Medical School","1","2024","NGF",0
"03","Education","274","Eastern Virginia Medical School","1","2024","Total",49835995
"03","Education","400","Jamestown-Yorktown Commemorations","1283","2019","GF",6501417
"03","Education","400","Jamestown-Yorktown Commemorations","1283","2019","NGF",0
"03","Education","400","Jamestown-Yorktown Commemorations","1283","2019","Total",6501417
"03","Education","400","Jamestown-Yorktown Commemorations","1283","2020","GF",6501417
"03","Education","400","Jamestown-Yorktown Commemorations","1283","2020","NGF",0
"03","Education","400","Jamestown-Yorktown Commemorations","1283","2020","Total",6501417
"03","Education","400","Jamestown-Yorktown Commemorations","1","2021","GF",0
"03","Education","400","Jamestown-Yorktown Commemorations","1","2021","NGF",0
"03","Education","400","Jamestown-Yorktown Commemorations","1","2021","Total",0
"03","Education","400","Jamestown-Yorktown Commemorations","1","2022","GF",0
"03","Education","400","Jamestown-Yorktown Commemorations","1","2022","NGF",0
"03","Education","400","Jamestown-Yorktown Commemorations","1","2022","Total",0
"03","Education","400","Jamestown-Yorktown Commemorations","1","2023","GF",7e+06
"03","Education","400","Jamestown-Yorktown Commemorations","1","2023","NGF",0
"03","Education","400","Jamestown-Yorktown Commemorations","1","2023","Total",7e+06
"03","Education","400","Jamestown-Yorktown Commemorations","1","2024","GF",0
"03","Education","400","Jamestown-Yorktown Commemorations","1","2024","NGF",0
"03","Education","400","Jamestown-Yorktown Commemorations","1","2024","Total",0
"03","Education","417","Gunston Hall","1283","2019","GF",661973
"03","Education","417","Gunston Hall","1283","2019","NGF",180177
"03","Education","417","Gunston Hall","1283","2019","Total",842150
"03","Education","417","Gunston Hall","1283","2020","GF",661973
"03","Education","417","Gunston Hall","1283","2020","NGF",180177
"03","Education","417","Gunston Hall","1283","2020","Total",842150
"03","Education","417","Gunston Hall","1","2021","GF",706571
"03","Education","417","Gunston Hall","1","2021","NGF",207805
"03","Education","417","Gunston Hall","1","2021","Total",914376
"03","Education","417","Gunston Hall","1","2022","GF",706571
"03","Education","417","Gunston Hall","1","2022","NGF",207805
"03","Education","417","Gunston Hall","1","2022","Total",914376
"03","Education","417","Gunston Hall","1","2023","GF",968492
"03","Education","417","Gunston Hall","1","2023","NGF",220037
"03","Education","417","Gunston Hall","1","2023","Total",1188529
"03","Education","417","Gunston Hall","1","2024","GF",1018492
"03","Education","417","Gunston Hall","1","2024","NGF",220037
"03","Education","417","Gunston Hall","1","2024","Total",1238529
"03","Education","425","Jamestown-Yorktown Foundation","1283","2019","GF",10305275
"03","Education","425","Jamestown-Yorktown Foundation","1283","2019","NGF",8612976
"03","Education","425","Jamestown-Yorktown Foundation","1283","2019","Total",18918251
"03","Education","425","Jamestown-Yorktown Foundation","1283","2020","GF",10346908
"03","Education","425","Jamestown-Yorktown Foundation","1283","2020","NGF",8612976
"03","Education","425","Jamestown-Yorktown Foundation","1283","2020","Total",18959884
"03","Education","425","Jamestown-Yorktown Foundation","1","2021","GF",10733248
"03","Education","425","Jamestown-Yorktown Foundation","1","2021","NGF",8933232
"03","Education","425","Jamestown-Yorktown Foundation","1","2021","Total",19666480
"03","Education","425","Jamestown-Yorktown Foundation","1","2022","GF",11871863
"03","Education","425","Jamestown-Yorktown Foundation","1","2022","NGF",8933232
"03","Education","425","Jamestown-Yorktown Foundation","1","2022","Total",20805095
"03","Education","425","Jamestown-Yorktown Foundation","1","2023","GF",12434085
"03","Education","425","Jamestown-Yorktown Foundation","1","2023","NGF",9144876
"03","Education","425","Jamestown-Yorktown Foundation","1","2023","Total",21578961
"03","Education","425","Jamestown-Yorktown Foundation","1","2024","GF",12656308
"03","Education","425","Jamestown-Yorktown Foundation","1","2024","NGF",9144876
"03","Education","425","Jamestown-Yorktown Foundation","1","2024","Total",21801184
"03","Education","885","Institute for Advanced Learning and Research","1283","2019","GF",6415246
"03","Education","885","Institute for Advanced Learning and Research","1283","2019","NGF",0
"03","Education","885","Institute for Advanced Learning and Research","1283","2019","Total",6415246
"03","Education","885","Institute for Advanced Learning and Research","1283","2020","GF",6415246
"03","Education","885","Institute for Advanced Learning and Research","1283","2020","NGF",0
"03","Education","885","Institute for Advanced Learning and Research","1283","2020","Total",6415246
"03","Education","885","Institute for Advanced Learning and Research","1","2021","GF",6415193
"03","Education","885","Institute for Advanced Learning and Research","1","2021","NGF",0
"03","Education","885","Institute for Advanced Learning and Research","1","2021","Total",6415193
"03","Education","885","Institute for Advanced Learning and Research","1","2022","GF",6510193
"03","Education","885","Institute for Advanced Learning and Research","1","2022","NGF",0
"03","Education","885","Institute for Advanced Learning and Research","1","2022","Total",6510193
"03","Education","885","Institute for Advanced Learning and Research","1","2023","GF",7323958
"03","Education","885","Institute for Advanced Learning and Research","1","2023","NGF",0
"03","Education","885","Institute for Advanced Learning and Research","1","2023","Total",7323958
"03","Education","885","Institute for Advanced Learning and Research","1","2024","GF",7323958
"03","Education","885","Institute for Advanced Learning and Research","1","2024","NGF",0
"03","Education","885","Institute for Advanced Learning and Research","1","2024","Total",7323958
"03","Education","935","Roanoke Higher Education Authority","1283","2019","GF",1478706
"03","Education","935","Roanoke Higher Education Authority","1283","2019","NGF",0
"03","Education","935","Roanoke Higher Education Authority","1283","2019","Total",1478706
"03","Education","935","Roanoke Higher Education Authority","1283","2020","GF",1478706
"03","Education","935","Roanoke Higher Education Authority","1283","2020","NGF",0
"03","Education","935","Roanoke Higher Education Authority","1283","2020","Total",1478706
"03","Education","935","Roanoke Higher Education Authority","1","2021","GF",1478720
"03","Education","935","Roanoke Higher Education Authority","1","2021","NGF",0
"03","Education","935","Roanoke Higher Education Authority","1","2021","Total",1478720
"03","Education","935","Roanoke Higher Education Authority","1","2022","GF",1790791
"03","Education","935","Roanoke Higher Education Authority","1","2022","NGF",0
"03","Education","935","Roanoke Higher Education Authority","1","2022","Total",1790791
"03","Education","935","Roanoke Higher Education Authority","1","2023","GF",2230854
"03","Education","935","Roanoke Higher Education Authority","1","2023","NGF",0
"03","Education","935","Roanoke Higher Education Authority","1","2023","Total",2230854
"03","Education","935","Roanoke Higher Education Authority","1","2024","GF",2435704
"03","Education","935","Roanoke Higher Education Authority","1","2024","NGF",0
"03","Education","935","Roanoke Higher Education Authority","1","2024","Total",2435704
"03","Education","936","Southeastern Universities Research Association Doing Business for Jefferson Science Associates, LLC","1283","2019","GF",1775439
"03","Education","936","Southeastern Universities Research Association Doing Business for Jefferson Science Associates, LLC","1283","2019","NGF",0
"03","Education","936","Southeastern Universities Research Association Doing Business for Jefferson Science Associates, LLC","1283","2019","Total",1775439
"03","Education","936","Southeastern Universities Research Association Doing Business for Jefferson Science Associates, LLC","1283","2020","GF",1775439
"03","Education","936","Southeastern Universities Research Association Doing Business for Jefferson Science Associates, LLC","1283","2020","NGF",0
"03","Education","936","Southeastern Universities Research Association Doing Business for Jefferson Science Associates, LLC","1283","2020","Total",1775439
"03","Education","936","Southeastern Universities Research Association Doing Business for Jefferson Science Associates, LLC","1","2021","GF",1547683
"03","Education","936","Southeastern Universities Research Association Doing Business for Jefferson Science Associates, LLC","1","2021","NGF",0
"03","Education","936","Southeastern Universities Research Association Doing Business for Jefferson Science Associates, LLC","1","2021","Total",1547683
"03","Education","936","Southeastern Universities Research Association Doing Business for Jefferson Science Associates, LLC","1","2022","GF",1547683
"03","Education","936","Southeastern Universities Research Association Doing Business for Jefferson Science Associates, LLC","1","2022","NGF",0
"03","Education","936","Southeastern Universities Research Association Doing Business for Jefferson Science Associates, LLC","1","2022","Total",1547683
"03","Education","936","Southeastern Universities Research Association Doing Business for Jefferson Science Associates, LLC","1","2023","GF",4547692
"03","Education","936","Southeastern Universities Research Association Doing Business for Jefferson Science Associates, LLC","1","2023","NGF",0
"03","Education","936","Southeastern Universities Research Association Doing Business for Jefferson Science Associates, LLC","1","2023","Total",4547692
"03","Education","936","Southeastern Universities Research Association Doing Business for Jefferson Science Associates, LLC","1","2024","GF",1547692
"03","Education","936","Southeastern Universities Research Association Doing Business for Jefferson Science Associates, LLC","1","2024","NGF",0
"03","Education","936","Southeastern Universities Research Association Doing Business for Jefferson Science Associates, LLC","1","2024","Total",1547692
"03","Education","937","Southern Virginia Higher Education Center","1283","2019","GF",3543932
"03","Education","937","Southern Virginia Higher Education Center","1283","2019","NGF",3982992
"03","Education","937","Southern Virginia Higher Education Center","1283","2019","Total",7526924
"03","Education","937","Southern Virginia Higher Education Center","1283","2020","GF",3718615
"03","Education","937","Southern Virginia Higher Education Center","1283","2020","NGF",4089450
"03","Education","937","Southern Virginia Higher Education Center","1283","2020","Total",7808065
"03","Education","937","Southern Virginia Higher Education Center","1","2021","GF",3803865
"03","Education","937","Southern Virginia Higher Education Center","1","2021","NGF",4145832
"03","Education","937","Southern Virginia Higher Education Center","1","2021","Total",7949697
"03","Education","937","Southern Virginia Higher Education Center","1","2022","GF",4192837
"03","Education","937","Southern Virginia Higher Education Center","1","2022","NGF",4145832
"03","Education","937","Southern Virginia Higher Education Center","1","2022","Total",8338669
"03","Education","937","Southern Virginia Higher Education Center","1","2023","GF",5171617
"03","Education","937","Southern Virginia Higher Education Center","1","2023","NGF",4206725
"03","Education","937","Southern Virginia Higher Education Center","1","2023","Total",9378342
"03","Education","937","Southern Virginia Higher Education Center","1","2024","GF",5272617
"03","Education","937","Southern Virginia Higher Education Center","1","2024","NGF",4206725
"03","Education","937","Southern Virginia Higher Education Center","1","2024","Total",9479342
"03","Education","938","New College Institute","1283","2019","GF",2589059
"03","Education","938","New College Institute","1283","2019","NGF",1544736
"03","Education","938","New College Institute","1283","2019","Total",4133795
"03","Education","938","New College Institute","1283","2020","GF",2589059
"03","Education","938","New College Institute","1283","2020","NGF",1544736
"03","Education","938","New College Institute","1283","2020","Total",4133795
"03","Education","938","New College Institute","1","2021","GF",2692553
"03","Education","938","New College Institute","1","2021","NGF",1545145
"03","Education","938","New College Institute","1","2021","Total",4237698
"03","Education","938","New College Institute","1","2022","GF",2868555
"03","Education","938","New College Institute","1","2022","NGF",1545145
"03","Education","938","New College Institute","1","2022","Total",4413700
"03","Education","938","New College Institute","1","2023","GF",3949405
"03","Education","938","New College Institute","1","2023","NGF",1553122
"03","Education","938","New College Institute","1","2023","Total",5502527
"03","Education","938","New College Institute","1","2024","GF",2949405
"03","Education","938","New College Institute","1","2024","NGF",1553122
"03","Education","938","New College Institute","1","2024","Total",4502527
"03","Education","942","Virginia Museum of Natural History","1283","2019","GF",3083105
"03","Education","942","Virginia Museum of Natural History","1283","2019","NGF",509006
"03","Education","942","Virginia Museum of Natural History","1283","2019","Total",3592111
"03","Education","942","Virginia Museum of Natural History","1283","2020","GF",2878776
"03","Education","942","Virginia Museum of Natural History","1283","2020","NGF",549006
"03","Education","942","Virginia Museum of Natural History","1283","2020","Total",3427782
"03","Education","942","Virginia Museum of Natural History","1","2021","GF",2990923
"03","Education","942","Virginia Museum of Natural History","1","2021","NGF",554880
"03","Education","942","Virginia Museum of Natural History","1","2021","Total",3545803
"03","Education","942","Virginia Museum of Natural History","1","2022","GF",2990923
"03","Education","942","Virginia Museum of Natural History","1","2022","NGF",554880
"03","Education","942","Virginia Museum of Natural History","1","2022","Total",3545803
"03","Education","942","Virginia Museum of Natural History","1","2023","GF",3207184
"03","Education","942","Virginia Museum of Natural History","1","2023","NGF",563906
"03","Education","942","Virginia Museum of Natural History","1","2023","Total",3771090
"03","Education","942","Virginia Museum of Natural History","1","2024","GF",3210061
"03","Education","942","Virginia Museum of Natural History","1","2024","NGF",563906
"03","Education","942","Virginia Museum of Natural History","1","2024","Total",3773967
"03","Education","948","Southwest Virginia Higher Education Center","1283","2019","GF",2100046
"03","Education","948","Southwest Virginia Higher Education Center","1283","2019","NGF",7537183
"03","Education","948","Southwest Virginia Higher Education Center","1283","2019","Total",9637229
"03","Education","948","Southwest Virginia Higher Education Center","1283","2020","GF",2100046
"03","Education","948","Southwest Virginia Higher Education Center","1283","2020","NGF",7537183
"03","Education","948","Southwest Virginia Higher Education Center","1283","2020","Total",9637229
"03","Education","948","Southwest Virginia Higher Education Center","1","2021","GF",2171000
"03","Education","948","Southwest Virginia Higher Education Center","1","2021","NGF",1215650
"03","Education","948","Southwest Virginia Higher Education Center","1","2021","Total",3386650
"03","Education","948","Southwest Virginia Higher Education Center","1","2022","GF",3266000
"03","Education","948","Southwest Virginia Higher Education Center","1","2022","NGF",1215650
"03","Education","948","Southwest Virginia Higher Education Center","1","2022","Total",4481650
"03","Education","948","Southwest Virginia Higher Education Center","1","2023","GF",4032768
"03","Education","948","Southwest Virginia Higher Education Center","1","2023","NGF",1247745
"03","Education","948","Southwest Virginia Higher Education Center","1","2023","Total",5280513
"03","Education","948","Southwest Virginia Higher Education Center","1","2024","GF",4032768
"03","Education","948","Southwest Virginia Higher Education Center","1","2024","NGF",1247745
"03","Education","948","Southwest Virginia Higher Education Center","1","2024","Total",5280513
"03","Education","980","In-State Undergraduate Tuition Moderation","1283","2019","GF",0
"03","Education","980","In-State Undergraduate Tuition Moderation","1283","2019","NGF",0
"03","Education","980","In-State Undergraduate Tuition Moderation","1283","2019","Total",0
"03","Education","980","In-State Undergraduate Tuition Moderation","1283","2020","GF",52459000
"03","Education","980","In-State Undergraduate Tuition Moderation","1283","2020","NGF",0
"03","Education","980","In-State Undergraduate Tuition Moderation","1283","2020","Total",52459000
"03","Education","980","In-State Undergraduate Tuition Moderation","1","2021","GF",0
"03","Education","980","In-State Undergraduate Tuition Moderation","1","2021","NGF",0
"03","Education","980","In-State Undergraduate Tuition Moderation","1","2021","Total",0
"03","Education","980","In-State Undergraduate Tuition Moderation","1","2022","GF",0
"03","Education","980","In-State Undergraduate Tuition Moderation","1","2022","NGF",0
"03","Education","980","In-State Undergraduate Tuition Moderation","1","2022","Total",0
"03","Education","980","In-State Undergraduate Tuition Moderation","1","2023","GF",0
"03","Education","980","In-State Undergraduate Tuition Moderation","1","2023","NGF",0
"03","Education","980","In-State Undergraduate Tuition Moderation","1","2023","Total",0
"03","Education","980","In-State Undergraduate Tuition Moderation","1","2024","GF",0
"03","Education","980","In-State Undergraduate Tuition Moderation","1","2024","NGF",0
"03","Education","980","In-State Undergraduate Tuition Moderation","1","2024","Total",0
"03","Education","984","Maintain Affordable Access","1283","2019","GF",0
"03","Education","984","Maintain Affordable Access","1283","2019","NGF",0
"03","Education","984","Maintain Affordable Access","1283","2019","Total",0
"03","Education","984","Maintain Affordable Access","1283","2020","GF",0
"03","Education","984","Maintain Affordable Access","1283","2020","NGF",0
"03","Education","984","Maintain Affordable Access","1283","2020","Total",0
"03","Education","984","Maintain Affordable Access","1","2021","GF",6e+07
"03","Education","984","Maintain Affordable Access","1","2021","NGF",0
"03","Education","984","Maintain Affordable Access","1","2021","Total",6e+07
"03","Education","984","Maintain Affordable Access","1","2022","GF",113500000
"03","Education","984","Maintain Affordable Access","1","2022","NGF",0
"03","Education","984","Maintain Affordable Access","1","2022","Total",113500000
"03","Education","984","Maintain Affordable Access","1","2023","GF",0
"03","Education","984","Maintain Affordable Access","1","2023","NGF",0
"03","Education","984","Maintain Affordable Access","1","2023","Total",0
"03","Education","984","Maintain Affordable Access","1","2024","GF",143250000
"03","Education","984","Maintain Affordable Access","1","2024","NGF",0
"03","Education","984","Maintain Affordable Access","1","2024","Total",143250000
"03","Education","989","Higher Education Research Initiative","1283","2019","GF",8e+06
"03","Education","989","Higher Education Research Initiative","1283","2019","NGF",0
"03","Education","989","Higher Education Research Initiative","1283","2019","Total",8e+06
"03","Education","989","Higher Education Research Initiative","1283","2020","GF",2.8e+07
"03","Education","989","Higher Education Research Initiative","1283","2020","NGF",0
"03","Education","989","Higher Education Research Initiative","1283","2020","Total",2.8e+07
"03","Education","989","Higher Education Research Initiative","1","2021","GF",0
"03","Education","989","Higher Education Research Initiative","1","2021","NGF",0
"03","Education","989","Higher Education Research Initiative","1","2021","Total",0
"03","Education","989","Higher Education Research Initiative","1","2022","GF",0
"03","Education","989","Higher Education Research Initiative","1","2022","NGF",0
"03","Education","989","Higher Education Research Initiative","1","2022","Total",0
"03","Education","989","Higher Education Research Initiative","1","2023","GF",0
"03","Education","989","Higher Education Research Initiative","1","2023","NGF",0
"03","Education","989","Higher Education Research Initiative","1","2023","Total",0
"03","Education","989","Higher Education Research Initiative","1","2024","GF",0
"03","Education","989","Higher Education Research Initiative","1","2024","NGF",0
"03","Education","989","Higher Education Research Initiative","1","2024","Total",0
"04","Executive Offices","119","Lieutenant Governor","1283","2019","GF",378564
"04","Executive Offices","119","Lieutenant Governor","1283","2019","NGF",0
"04","Executive Offices","119","Lieutenant Governor","1283","2019","Total",378564
"04","Executive Offices","119","Lieutenant Governor","1283","2020","GF",378564
"04","Executive Offices","119","Lieutenant Governor","1283","2020","NGF",0
"04","Executive Offices","119","Lieutenant Governor","1283","2020","Total",378564
"04","Executive Offices","119","Lieutenant Governor","1","2021","GF",389229
"04","Executive Offices","119","Lieutenant Governor","1","2021","NGF",0
"04","Executive Offices","119","Lieutenant Governor","1","2021","Total",389229
"04","Executive Offices","119","Lieutenant Governor","1","2022","GF",389229
"04","Executive Offices","119","Lieutenant Governor","1","2022","NGF",0
"04","Executive Offices","119","Lieutenant Governor","1","2022","Total",389229
"04","Executive Offices","119","Lieutenant Governor","1","2023","GF",408926
"04","Executive Offices","119","Lieutenant Governor","1","2023","NGF",0
"04","Executive Offices","119","Lieutenant Governor","1","2023","Total",408926
"04","Executive Offices","119","Lieutenant Governor","1","2024","GF",533926
"04","Executive Offices","119","Lieutenant Governor","1","2024","NGF",0
"04","Executive Offices","119","Lieutenant Governor","1","2024","Total",533926
"04","Executive Offices","121","Office of the Governor","1283","2019","GF",5468474
"04","Executive Offices","121","Office of the Governor","1283","2019","NGF",157576
"04","Executive Offices","121","Office of the Governor","1283","2019","Total",5626050
"04","Executive Offices","121","Office of the Governor","1283","2020","GF",5468474
"04","Executive Offices","121","Office of the Governor","1283","2020","NGF",157576
"04","Executive Offices","121","Office of the Governor","1283","2020","Total",5626050
"04","Executive Offices","121","Office of the Governor","1","2021","GF",7984495
"04","Executive Offices","121","Office of the Governor","1","2021","NGF",164914
"04","Executive Offices","121","Office of the Governor","1","2021","Total",8149409
"04","Executive Offices","121","Office of the Governor","1","2022","GF",7348803
"04","Executive Offices","121","Office of the Governor","1","2022","NGF",164914
"04","Executive Offices","121","Office of the Governor","1","2022","Total",7513717
"04","Executive Offices","121","Office of the Governor","1","2023","GF",10060485
"04","Executive Offices","121","Office of the Governor","1","2023","NGF",197241
"04","Executive Offices","121","Office of the Governor","1","2023","Total",10257726
"04","Executive Offices","121","Office of the Governor","1","2024","GF",9985485
"04","Executive Offices","121","Office of the Governor","1","2024","NGF",197241
"04","Executive Offices","121","Office of the Governor","1","2024","Total",10182726
"04","Executive Offices","141","Attorney General and Department of Law","1283","2019","GF",24121382
"04","Executive Offices","141","Attorney General and Department of Law","1283","2019","NGF",29526631
"04","Executive Offices","141","Attorney General and Department of Law","1283","2019","Total",53648013
"04","Executive Offices","141","Attorney General and Department of Law","1283","2020","GF",24121382
"04","Executive Offices","141","Attorney General and Department of Law","1283","2020","NGF",28983074
"04","Executive Offices","141","Attorney General and Department of Law","1283","2020","Total",53104456
"04","Executive Offices","141","Attorney General and Department of Law","1","2021","GF",26682220
"04","Executive Offices","141","Attorney General and Department of Law","1","2021","NGF",30434906
"04","Executive Offices","141","Attorney General and Department of Law","1","2021","Total",57117126
"04","Executive Offices","141","Attorney General and Department of Law","1","2022","GF",31961525
"04","Executive Offices","141","Attorney General and Department of Law","1","2022","NGF",30434906
"04","Executive Offices","141","Attorney General and Department of Law","1","2022","Total",62396431
"04","Executive Offices","141","Attorney General and Department of Law","1","2023","GF",36800506
"04","Executive Offices","141","Attorney General and Department of Law","1","2023","NGF",31002268
"04","Executive Offices","141","Attorney General and Department of Law","1","2023","Total",67802774
"04","Executive Offices","141","Attorney General and Department of Law","1","2024","GF",38775022
"04","Executive Offices","141","Attorney General and Department of Law","1","2024","NGF",31002268
"04","Executive Offices","141","Attorney General and Department of Law","1","2024","Total",69777290
"04","Executive Offices","143","Division of Debt Collection","1283","2019","GF",0
"04","Executive Offices","143","Division of Debt Collection","1283","2019","NGF",2755447
"04","Executive Offices","143","Division of Debt Collection","1283","2019","Total",2755447
"04","Executive Offices","143","Division of Debt Collection","1283","2020","GF",0
"04","Executive Offices","143","Division of Debt Collection","1283","2020","NGF",2755447
"04","Executive Offices","143","Division of Debt Collection","1283","2020","Total",2755447
"04","Executive Offices","143","Division of Debt Collection","1","2021","GF",0
"04","Executive Offices","143","Division of Debt Collection","1","2021","NGF",3354446
"04","Executive Offices","143","Division of Debt Collection","1","2021","Total",3354446
"04","Executive Offices","143","Division of Debt Collection","1","2022","GF",0
"04","Executive Offices","143","Division of Debt Collection","1","2022","NGF",3354446
"04","Executive Offices","143","Division of Debt Collection","1","2022","Total",3354446
"04","Executive Offices","143","Division of Debt Collection","1","2023","GF",0
"04","Executive Offices","143","Division of Debt Collection","1","2023","NGF",3477852
"04","Executive Offices","143","Division of Debt Collection","1","2023","Total",3477852
"04","Executive Offices","143","Division of Debt Collection","1","2024","GF",0
"04","Executive Offices","143","Division of Debt Collection","1","2024","NGF",3477852
"04","Executive Offices","143","Division of Debt Collection","1","2024","Total",3477852
"04","Executive Offices","147","Office of the State Inspector General","1283","2019","GF",4631281
"04","Executive Offices","147","Office of the State Inspector General","1283","2019","NGF",2212752
"04","Executive Offices","147","Office of the State Inspector General","1283","2019","Total",6844033
"04","Executive Offices","147","Office of the State Inspector General","1283","2020","GF",4631281
"04","Executive Offices","147","Office of the State Inspector General","1283","2020","NGF",2212752
"04","Executive Offices","147","Office of the State Inspector General","1283","2020","Total",6844033
"04","Executive Offices","147","Office of the State Inspector General","1","2021","GF",4778140
"04","Executive Offices","147","Office of the State Inspector General","1","2021","NGF",2366236
"04","Executive Offices","147","Office of the State Inspector General","1","2021","Total",7144376
"04","Executive Offices","147","Office of the State Inspector General","1","2022","GF",4778140
"04","Executive Offices","147","Office of the State Inspector General","1","2022","NGF",2366236
"04","Executive Offices","147","Office of the State Inspector General","1","2022","Total",7144376
"04","Executive Offices","147","Office of the State Inspector General","1","2023","GF",4944696
"04","Executive Offices","147","Office of the State Inspector General","1","2023","NGF",2461729
"04","Executive Offices","147","Office of the State Inspector General","1","2023","Total",7406425
"04","Executive Offices","147","Office of the State Inspector General","1","2024","GF",5194696
"04","Executive Offices","147","Office of the State Inspector General","1","2024","NGF",2461729
"04","Executive Offices","147","Office of the State Inspector General","1","2024","Total",7656425
"04","Executive Offices","166","Secretary of the Commonwealth","1283","2019","GF",2158598
"04","Executive Offices","166","Secretary of the Commonwealth","1283","2019","NGF",92978
"04","Executive Offices","166","Secretary of the Commonwealth","1283","2019","Total",2251576
"04","Executive Offices","166","Secretary of the Commonwealth","1283","2020","GF",2158598
"04","Executive Offices","166","Secretary of the Commonwealth","1283","2020","NGF",92978
"04","Executive Offices","166","Secretary of the Commonwealth","1283","2020","Total",2251576
"04","Executive Offices","166","Secretary of the Commonwealth","1","2021","GF",2614018
"04","Executive Offices","166","Secretary of the Commonwealth","1","2021","NGF",118337
"04","Executive Offices","166","Secretary of the Commonwealth","1","2021","Total",2732355
"04","Executive Offices","166","Secretary of the Commonwealth","1","2022","GF",2639018
"04","Executive Offices","166","Secretary of the Commonwealth","1","2022","NGF",118337
"04","Executive Offices","166","Secretary of the Commonwealth","1","2022","Total",2757355
"04","Executive Offices","166","Secretary of the Commonwealth","1","2023","GF",2710483
"04","Executive Offices","166","Secretary of the Commonwealth","1","2023","NGF",112735
"04","Executive Offices","166","Secretary of the Commonwealth","1","2023","Total",2823218
"04","Executive Offices","166","Secretary of the Commonwealth","1","2024","GF",2710483
"04","Executive Offices","166","Secretary of the Commonwealth","1","2024","NGF",112735
"04","Executive Offices","166","Secretary of the Commonwealth","1","2024","Total",2823218
"04","Executive Offices","921","Interstate Organization Contributions","1283","2019","GF",190939
"04","Executive Offices","921","Interstate Organization Contributions","1283","2019","NGF",0
"04","Executive Offices","921","Interstate Organization Contributions","1283","2019","Total",190939
"04","Executive Offices","921","Interstate Organization Contributions","1283","2020","GF",190939
"04","Executive Offices","921","Interstate Organization Contributions","1283","2020","NGF",0
"04","Executive Offices","921","Interstate Organization Contributions","1283","2020","Total",190939
"04","Executive Offices","921","Interstate Organization Contributions","1","2021","GF",190949
"04","Executive Offices","921","Interstate Organization Contributions","1","2021","NGF",0
"04","Executive Offices","921","Interstate Organization Contributions","1","2021","Total",190949
"04","Executive Offices","921","Interstate Organization Contributions","1","2022","GF",190949
"04","Executive Offices","921","Interstate Organization Contributions","1","2022","NGF",0
"04","Executive Offices","921","Interstate Organization Contributions","1","2022","Total",190949
"04","Executive Offices","921","Interstate Organization Contributions","1","2023","GF",190939
"04","Executive Offices","921","Interstate Organization Contributions","1","2023","NGF",0
"04","Executive Offices","921","Interstate Organization Contributions","1","2023","Total",190939
"04","Executive Offices","921","Interstate Organization Contributions","1","2024","GF",190939
"04","Executive Offices","921","Interstate Organization Contributions","1","2024","NGF",0
"04","Executive Offices","921","Interstate Organization Contributions","1","2024","Total",190939
"05","Health and Human Resources","188","Secretary of Health and Human Resources","1283","2019","GF",830743
"05","Health and Human Resources","188","Secretary of Health and Human Resources","1283","2019","NGF",0
"05","Health and Human Resources","188","Secretary of Health and Human Resources","1283","2019","Total",830743
"05","Health and Human Resources","188","Secretary of Health and Human Resources","1283","2020","GF",830743
"05","Health and Human Resources","188","Secretary of Health and Human Resources","1283","2020","NGF",0
"05","Health and Human Resources","188","Secretary of Health and Human Resources","1283","2020","Total",830743
"05","Health and Human Resources","188","Secretary of Health and Human Resources","1","2021","GF",878064
"05","Health and Human Resources","188","Secretary of Health and Human Resources","1","2021","NGF",0
"05","Health and Human Resources","188","Secretary of Health and Human Resources","1","2021","Total",878064
"05","Health and Human Resources","188","Secretary of Health and Human Resources","1","2022","GF",878064
"05","Health and Human Resources","188","Secretary of Health and Human Resources","1","2022","NGF",0
"05","Health and Human Resources","188","Secretary of Health and Human Resources","1","2022","Total",878064
"05","Health and Human Resources","188","Secretary of Health and Human Resources","1","2023","GF",1653270
"05","Health and Human Resources","188","Secretary of Health and Human Resources","1","2023","NGF",0
"05","Health and Human Resources","188","Secretary of Health and Human Resources","1","2023","Total",1653270
"05","Health and Human Resources","188","Secretary of Health and Human Resources","1","2024","GF",903270
"05","Health and Human Resources","188","Secretary of Health and Human Resources","1","2024","NGF",0
"05","Health and Human Resources","188","Secretary of Health and Human Resources","1","2024","Total",903270
"05","Health and Human Resources","200","Children's Services Act","1283","2019","GF",292676916
"05","Health and Human Resources","200","Children's Services Act","1283","2019","NGF",52607746
"05","Health and Human Resources","200","Children's Services Act","1283","2019","Total",345284662
"05","Health and Human Resources","200","Children's Services Act","1283","2020","GF",309269426
"05","Health and Human Resources","200","Children's Services Act","1283","2020","NGF",52607746
"05","Health and Human Resources","200","Children's Services Act","1283","2020","Total",361877172
"05","Health and Human Resources","200","Children's Services Act","1","2021","GF",318981726
"05","Health and Human Resources","200","Children's Services Act","1","2021","NGF",52607746
"05","Health and Human Resources","200","Children's Services Act","1","2021","Total",371589472
"05","Health and Human Resources","200","Children's Services Act","1","2022","GF",329640683
"05","Health and Human Resources","200","Children's Services Act","1","2022","NGF",57632329
"05","Health and Human Resources","200","Children's Services Act","1","2022","Total",387273012
"05","Health and Human Resources","200","Children's Services Act","1","2023","GF",330699433
"05","Health and Human Resources","200","Children's Services Act","1","2023","NGF",57632329
"05","Health and Human Resources","200","Children's Services Act","1","2023","Total",388331762
"05","Health and Human Resources","200","Children's Services Act","1","2024","GF",367014332
"05","Health and Human Resources","200","Children's Services Act","1","2024","NGF",57632329
"05","Health and Human Resources","200","Children's Services Act","1","2024","Total",424646661
"05","Health and Human Resources","203","Wilson Workforce and Rehabilitation Center","1283","2019","GF",5317714
"05","Health and Human Resources","203","Wilson Workforce and Rehabilitation Center","1283","2019","NGF",20537354
"05","Health and Human Resources","203","Wilson Workforce and Rehabilitation Center","1283","2019","Total",25855068
"05","Health and Human Resources","203","Wilson Workforce and Rehabilitation Center","1283","2020","GF",5392714
"05","Health and Human Resources","203","Wilson Workforce and Rehabilitation Center","1283","2020","NGF",18956381
"05","Health and Human Resources","203","Wilson Workforce and Rehabilitation Center","1283","2020","Total",24349095
"05","Health and Human Resources","203","Wilson Workforce and Rehabilitation Center","1","2021","GF",5642704
"05","Health and Human Resources","203","Wilson Workforce and Rehabilitation Center","1","2021","NGF",17403698
"05","Health and Human Resources","203","Wilson Workforce and Rehabilitation Center","1","2021","Total",23046402
"05","Health and Human Resources","203","Wilson Workforce and Rehabilitation Center","1","2022","GF",5642704
"05","Health and Human Resources","203","Wilson Workforce and Rehabilitation Center","1","2022","NGF",17403698
"05","Health and Human Resources","203","Wilson Workforce and Rehabilitation Center","1","2022","Total",23046402
"05","Health and Human Resources","203","Wilson Workforce and Rehabilitation Center","1","2023","GF",5912821
"05","Health and Human Resources","203","Wilson Workforce and Rehabilitation Center","1","2023","NGF",17857266
"05","Health and Human Resources","203","Wilson Workforce and Rehabilitation Center","1","2023","Total",23770087
"05","Health and Human Resources","203","Wilson Workforce and Rehabilitation Center","1","2024","GF",5912821
"05","Health and Human Resources","203","Wilson Workforce and Rehabilitation Center","1","2024","NGF",17857266
"05","Health and Human Resources","203","Wilson Workforce and Rehabilitation Center","1","2024","Total",23770087
"05","Health and Human Resources","223","Department of Health Professions","1283","2019","GF",0
"05","Health and Human Resources","223","Department of Health Professions","1283","2019","NGF",33773207
"05","Health and Human Resources","223","Department of Health Professions","1283","2019","Total",33773207
"05","Health and Human Resources","223","Department of Health Professions","1283","2020","GF",0
"05","Health and Human Resources","223","Department of Health Professions","1283","2020","NGF",34448922
"05","Health and Human Resources","223","Department of Health Professions","1283","2020","Total",34448922
"05","Health and Human Resources","223","Department of Health Professions","1","2021","GF",0
"05","Health and Human Resources","223","Department of Health Professions","1","2021","NGF",35314989
"05","Health and Human Resources","223","Department of Health Professions","1","2021","Total",35314989
"05","Health and Human Resources","223","Department of Health Professions","1","2022","GF",0
"05","Health and Human Resources","223","Department of Health Professions","1","2022","NGF",36158084
"05","Health and Human Resources","223","Department of Health Professions","1","2022","Total",36158084
"05","Health and Human Resources","223","Department of Health Professions","1","2023","GF",0
"05","Health and Human Resources","223","Department of Health Professions","1","2023","NGF",37849871
"05","Health and Human Resources","223","Department of Health Professions","1","2023","Total",37849871
"05","Health and Human Resources","223","Department of Health Professions","1","2024","GF",0
"05","Health and Human Resources","223","Department of Health Professions","1","2024","NGF",38218945
"05","Health and Human Resources","223","Department of Health Professions","1","2024","Total",38218945
"05","Health and Human Resources","262","Department for Aging and Rehabilitative Services","1283","2019","GF",60850766
"05","Health and Human Resources","262","Department for Aging and Rehabilitative Services","1283","2019","NGF",174957497
"05","Health and Human Resources","262","Department for Aging and Rehabilitative Services","1283","2019","Total",235808263
"05","Health and Human Resources","262","Department for Aging and Rehabilitative Services","1283","2020","GF",60950766
"05","Health and Human Resources","262","Department for Aging and Rehabilitative Services","1283","2020","NGF",172351232
"05","Health and Human Resources","262","Department for Aging and Rehabilitative Services","1283","2020","Total",233301998
"05","Health and Human Resources","262","Department for Aging and Rehabilitative Services","1","2021","GF",61703880
"05","Health and Human Resources","262","Department for Aging and Rehabilitative Services","1","2021","NGF",174528915
"05","Health and Human Resources","262","Department for Aging and Rehabilitative Services","1","2021","Total",236232795
"05","Health and Human Resources","262","Department for Aging and Rehabilitative Services","1","2022","GF",63528880
"05","Health and Human Resources","262","Department for Aging and Rehabilitative Services","1","2022","NGF",174528915
"05","Health and Human Resources","262","Department for Aging and Rehabilitative Services","1","2022","Total",238057795
"05","Health and Human Resources","262","Department for Aging and Rehabilitative Services","1","2023","GF",70667068
"05","Health and Human Resources","262","Department for Aging and Rehabilitative Services","1","2023","NGF",175679684
"05","Health and Human Resources","262","Department for Aging and Rehabilitative Services","1","2023","Total",246346752
"05","Health and Human Resources","262","Department for Aging and Rehabilitative Services","1","2024","GF",70154892
"05","Health and Human Resources","262","Department for Aging and Rehabilitative Services","1","2024","NGF",175679684
"05","Health and Human Resources","262","Department for Aging and Rehabilitative Services","1","2024","Total",245834576
"05","Health and Human Resources","263","Virginia Rehabilitation Center for the Blind and Vision Impaired","1283","2019","GF",341944
"05","Health and Human Resources","263","Virginia Rehabilitation Center for the Blind and Vision Impaired","1283","2019","NGF",2668620
"05","Health and Human Resources","263","Virginia Rehabilitation Center for the Blind and Vision Impaired","1283","2019","Total",3010564
"05","Health and Human Resources","263","Virginia Rehabilitation Center for the Blind and Vision Impaired","1283","2020","GF",341944
"05","Health and Human Resources","263","Virginia Rehabilitation Center for the Blind and Vision Impaired","1283","2020","NGF",2718620
"05","Health and Human Resources","263","Virginia Rehabilitation Center for the Blind and Vision Impaired","1283","2020","Total",3060564
"05","Health and Human Resources","263","Virginia Rehabilitation Center for the Blind and Vision Impaired","1","2021","GF",354108
"05","Health and Human Resources","263","Virginia Rehabilitation Center for the Blind and Vision Impaired","1","2021","NGF",2718620
"05","Health and Human Resources","263","Virginia Rehabilitation Center for the Blind and Vision Impaired","1","2021","Total",3072728
"05","Health and Human Resources","263","Virginia Rehabilitation Center for the Blind and Vision Impaired","1","2022","GF",354108
"05","Health and Human Resources","263","Virginia Rehabilitation Center for the Blind and Vision Impaired","1","2022","NGF",2718620
"05","Health and Human Resources","263","Virginia Rehabilitation Center for the Blind and Vision Impaired","1","2022","Total",3072728
"05","Health and Human Resources","263","Virginia Rehabilitation Center for the Blind and Vision Impaired","1","2023","GF",361739
"05","Health and Human Resources","263","Virginia Rehabilitation Center for the Blind and Vision Impaired","1","2023","NGF",2784902
"05","Health and Human Resources","263","Virginia Rehabilitation Center for the Blind and Vision Impaired","1","2023","Total",3146641
"05","Health and Human Resources","263","Virginia Rehabilitation Center for the Blind and Vision Impaired","1","2024","GF",361739
"05","Health and Human Resources","263","Virginia Rehabilitation Center for the Blind and Vision Impaired","1","2024","NGF",2784902
"05","Health and Human Resources","263","Virginia Rehabilitation Center for the Blind and Vision Impaired","1","2024","Total",3146641
"05","Health and Human Resources","601","Department of Health","1283","2019","GF",182107747
"05","Health and Human Resources","601","Department of Health","1283","2019","NGF",548203813
"05","Health and Human Resources","601","Department of Health","1283","2019","Total",730311560
"05","Health and Human Resources","601","Department of Health","1283","2020","GF",180711343
"05","Health and Human Resources","601","Department of Health","1283","2020","NGF",549408884
"05","Health and Human Resources","601","Department of Health","1283","2020","Total",730120227
"05","Health and Human Resources","601","Department of Health","1","2021","GF",192953062
"05","Health and Human Resources","601","Department of Health","1","2021","NGF",604272099
"05","Health and Human Resources","601","Department of Health","1","2021","Total",797225161
"05","Health and Human Resources","601","Department of Health","1","2022","GF",211902238
"05","Health and Human Resources","601","Department of Health","1","2022","NGF",721576816
"05","Health and Human Resources","601","Department of Health","1","2022","Total",933479054
"05","Health and Human Resources","601","Department of Health","1","2023","GF",237622379
"05","Health and Human Resources","601","Department of Health","1","2023","NGF",989400303
"05","Health and Human Resources","601","Department of Health","1","2023","Total",1227022682
"05","Health and Human Resources","601","Department of Health","1","2024","GF",246225920
"05","Health and Human Resources","601","Department of Health","1","2024","NGF",820460040
"05","Health and Human Resources","601","Department of Health","1","2024","Total",1066685960
"05","Health and Human Resources","602","Department of Medical Assistance Services","1283","2019","GF",5008158914
"05","Health and Human Resources","602","Department of Medical Assistance Services","1283","2019","NGF",7594157772
"05","Health and Human Resources","602","Department of Medical Assistance Services","1283","2019","Total",12602316686
"05","Health and Human Resources","602","Department of Medical Assistance Services","1283","2020","GF",4899537379
"05","Health and Human Resources","602","Department of Medical Assistance Services","1283","2020","NGF",10228886509
"05","Health and Human Resources","602","Department of Medical Assistance Services","1283","2020","Total",15128423888
"05","Health and Human Resources","602","Department of Medical Assistance Services","1","2021","GF",4545328030
"05","Health and Human Resources","602","Department of Medical Assistance Services","1","2021","NGF",12527356462
"05","Health and Human Resources","602","Department of Medical Assistance Services","1","2021","Total",17072684492
"05","Health and Human Resources","602","Department of Medical Assistance Services","1","2022","GF",4649993559
"05","Health and Human Resources","602","Department of Medical Assistance Services","1","2022","NGF",14472732262
"05","Health and Human Resources","602","Department of Medical Assistance Services","1","2022","Total",19122725821
"05","Health and Human Resources","602","Department of Medical Assistance Services","1","2023","GF",5824897704
"05","Health and Human Resources","602","Department of Medical Assistance Services","1","2023","NGF",14857958805
"05","Health and Human Resources","602","Department of Medical Assistance Services","1","2023","Total",20682856509
"05","Health and Human Resources","602","Department of Medical Assistance Services","1","2024","GF",5876121463
"05","Health and Human Resources","602","Department of Medical Assistance Services","1","2024","NGF",16797807713
"05","Health and Human Resources","602","Department of Medical Assistance Services","1","2024","Total",22673929176
"05","Health and Human Resources","606","Virginia Board for People with Disabilities","1283","2019","GF",248542
"05","Health and Human Resources","606","Virginia Board for People with Disabilities","1283","2019","NGF",1725350
"05","Health and Human Resources","606","Virginia Board for People with Disabilities","1283","2019","Total",1973892
"05","Health and Human Resources","606","Virginia Board for People with Disabilities","1283","2020","GF",254977
"05","Health and Human Resources","606","Virginia Board for People with Disabilities","1283","2020","NGF",2220350
"05","Health and Human Resources","606","Virginia Board for People with Disabilities","1283","2020","Total",2475327
"05","Health and Human Resources","606","Virginia Board for People with Disabilities","1","2021","GF",237604
"05","Health and Human Resources","606","Virginia Board for People with Disabilities","1","2021","NGF",2055882
"05","Health and Human Resources","606","Virginia Board for People with Disabilities","1","2021","Total",2293486
"05","Health and Human Resources","606","Virginia Board for People with Disabilities","1","2022","GF",237604
"05","Health and Human Resources","606","Virginia Board for People with Disabilities","1","2022","NGF",1855882
"05","Health and Human Resources","606","Virginia Board for People with Disabilities","1","2022","Total",2093486
"05","Health and Human Resources","606","Virginia Board for People with Disabilities","1","2023","GF",234058
"05","Health and Human Resources","606","Virginia Board for People with Disabilities","1","2023","NGF",1900390
"05","Health and Human Resources","606","Virginia Board for People with Disabilities","1","2023","Total",2134448
"05","Health and Human Resources","606","Virginia Board for People with Disabilities","1","2024","GF",234058
"05","Health and Human Resources","606","Virginia Board for People with Disabilities","1","2024","NGF",1900390
"05","Health and Human Resources","606","Virginia Board for People with Disabilities","1","2024","Total",2134448
"05","Health and Human Resources","702","Department for the Blind and Vision Impaired","1283","2019","GF",6138137
"05","Health and Human Resources","702","Department for the Blind and Vision Impaired","1283","2019","NGF",66229439
"05","Health and Human Resources","702","Department for the Blind and Vision Impaired","1283","2019","Total",72367576
"05","Health and Human Resources","702","Department for the Blind and Vision Impaired","1283","2020","GF",6532746
"05","Health and Human Resources","702","Department for the Blind and Vision Impaired","1283","2020","NGF",66972548
"05","Health and Human Resources","702","Department for the Blind and Vision Impaired","1283","2020","Total",73505294
"05","Health and Human Resources","702","Department for the Blind and Vision Impaired","1","2021","GF",7347123
"05","Health and Human Resources","702","Department for the Blind and Vision Impaired","1","2021","NGF",92972548
"05","Health and Human Resources","702","Department for the Blind and Vision Impaired","1","2021","Total",100319671
"05","Health and Human Resources","702","Department for the Blind and Vision Impaired","1","2022","GF",7636061
"05","Health and Human Resources","702","Department for the Blind and Vision Impaired","1","2022","NGF",79472548
"05","Health and Human Resources","702","Department for the Blind and Vision Impaired","1","2022","Total",87108609
"05","Health and Human Resources","702","Department for the Blind and Vision Impaired","1","2023","GF",9262779
"05","Health and Human Resources","702","Department for the Blind and Vision Impaired","1","2023","NGF",80069598
"05","Health and Human Resources","702","Department for the Blind and Vision Impaired","1","2023","Total",89332377
"05","Health and Human Resources","702","Department for the Blind and Vision Impaired","1","2024","GF",9262779
"05","Health and Human Resources","702","Department for the Blind and Vision Impaired","1","2024","NGF",80069598
"05","Health and Human Resources","702","Department for the Blind and Vision Impaired","1","2024","Total",89332377
"05","Health and Human Resources","720","Department of Behavioral Health and Developmental Services","1283","2019","GF",70014613
"05","Health and Human Resources","720","Department of Behavioral Health and Developmental Services","1283","2019","NGF",44782822
"05","Health and Human Resources","720","Department of Behavioral Health and Developmental Services","1283","2019","Total",114797435
"05","Health and Human Resources","720","Department of Behavioral Health and Developmental Services","1283","2020","GF",80317330
"05","Health and Human Resources","720","Department of Behavioral Health and Developmental Services","1283","2020","NGF",58029829
"05","Health and Human Resources","720","Department of Behavioral Health and Developmental Services","1283","2020","Total",138347159
"05","Health and Human Resources","720","Department of Behavioral Health and Developmental Services","1","2021","GF",109721284
"05","Health and Human Resources","720","Department of Behavioral Health and Developmental Services","1","2021","NGF",62061346
"05","Health and Human Resources","720","Department of Behavioral Health and Developmental Services","1","2021","Total",171782630
"05","Health and Human Resources","720","Department of Behavioral Health and Developmental Services","1","2022","GF",135942397
"05","Health and Human Resources","720","Department of Behavioral Health and Developmental Services","1","2022","NGF",46155145
"05","Health and Human Resources","720","Department of Behavioral Health and Developmental Services","1","2022","Total",182097542
"05","Health and Human Resources","720","Department of Behavioral Health and Developmental Services","1","2023","GF",172867695
"05","Health and Human Resources","720","Department of Behavioral Health and Developmental Services","1","2023","NGF",51483442
"05","Health and Human Resources","720","Department of Behavioral Health and Developmental Services","1","2023","Total",224351137
"05","Health and Human Resources","720","Department of Behavioral Health and Developmental Services","1","2024","GF",261228102
"05","Health and Human Resources","720","Department of Behavioral Health and Developmental Services","1","2024","NGF",57303715
"05","Health and Human Resources","720","Department of Behavioral Health and Developmental Services","1","2024","Total",318531817
"05","Health and Human Resources","751","Department for the Deaf and Hard-Of-Hearing","1283","2019","GF",998570
"05","Health and Human Resources","751","Department for the Deaf and Hard-Of-Hearing","1283","2019","NGF",3267208
"05","Health and Human Resources","751","Department for the Deaf and Hard-Of-Hearing","1283","2019","Total",4265778
"05","Health and Human Resources","751","Department for the Deaf and Hard-Of-Hearing","1283","2020","GF",998570
"05","Health and Human Resources","751","Department for the Deaf and Hard-Of-Hearing","1283","2020","NGF",3267208
"05","Health and Human Resources","751","Department for the Deaf and Hard-Of-Hearing","1283","2020","Total",4265778
"05","Health and Human Resources","751","Department for the Deaf and Hard-Of-Hearing","1","2021","GF",1048970
"05","Health and Human Resources","751","Department for the Deaf and Hard-Of-Hearing","1","2021","NGF",2871359
"05","Health and Human Resources","751","Department for the Deaf and Hard-Of-Hearing","1","2021","Total",3920329
"05","Health and Human Resources","751","Department for the Deaf and Hard-Of-Hearing","1","2022","GF",1048970
"05","Health and Human Resources","751","Department for the Deaf and Hard-Of-Hearing","1","2022","NGF",2579755
"05","Health and Human Resources","751","Department for the Deaf and Hard-Of-Hearing","1","2022","Total",3628725
"05","Health and Human Resources","751","Department for the Deaf and Hard-Of-Hearing","1","2023","GF",1320862
"05","Health and Human Resources","751","Department for the Deaf and Hard-Of-Hearing","1","2023","NGF",2595744
"05","Health and Human Resources","751","Department for the Deaf and Hard-Of-Hearing","1","2023","Total",3916606
"05","Health and Human Resources","751","Department for the Deaf and Hard-Of-Hearing","1","2024","GF",1320862
"05","Health and Human Resources","751","Department for the Deaf and Hard-Of-Hearing","1","2024","NGF",2556794
"05","Health and Human Resources","751","Department for the Deaf and Hard-Of-Hearing","1","2024","Total",3877656
"05","Health and Human Resources","765","Department of Social Services","1283","2019","GF",429427587
"05","Health and Human Resources","765","Department of Social Services","1283","2019","NGF",1678486822
"05","Health and Human Resources","765","Department of Social Services","1283","2019","Total",2107914409
"05","Health and Human Resources","765","Department of Social Services","1283","2020","GF",431177854
"05","Health and Human Resources","765","Department of Social Services","1283","2020","NGF",1788437837
"05","Health and Human Resources","765","Department of Social Services","1283","2020","Total",2219615691
"05","Health and Human Resources","765","Department of Social Services","1","2021","GF",434112881
"05","Health and Human Resources","765","Department of Social Services","1","2021","NGF",1819379011
"05","Health and Human Resources","765","Department of Social Services","1","2021","Total",2253491892
"05","Health and Human Resources","765","Department of Social Services","1","2022","GF",470241998
"05","Health and Human Resources","765","Department of Social Services","1","2022","NGF",1660590401
"05","Health and Human Resources","765","Department of Social Services","1","2022","Total",2130832399
"05","Health and Human Resources","765","Department of Social Services","1","2023","GF",521761251
"05","Health and Human Resources","765","Department of Social Services","1","2023","NGF",1744657305
"05","Health and Human Resources","765","Department of Social Services","1","2023","Total",2266418556
"05","Health and Human Resources","765","Department of Social Services","1","2024","GF",521086284
"05","Health and Human Resources","765","Department of Social Services","1","2024","NGF",1842549651
"05","Health and Human Resources","765","Department of Social Services","1","2024","Total",2363635935
"05","Health and Human Resources","790","Grants to Localities","1283","2019","GF",371417537
"05","Health and Human Resources","790","Grants to Localities","1283","2019","NGF",93800000
"05","Health and Human Resources","790","Grants to Localities","1283","2019","Total",465217537
"05","Health and Human Resources","790","Grants to Localities","1283","2020","GF",412918309
"05","Health and Human Resources","790","Grants to Localities","1283","2020","NGF",92500000
"05","Health and Human Resources","790","Grants to Localities","1283","2020","Total",505418309
"05","Health and Human Resources","790","Grants to Localities","1","2021","GF",419913787
"05","Health and Human Resources","790","Grants to Localities","1","2021","NGF",93800000
"05","Health and Human Resources","790","Grants to Localities","1","2021","Total",513713787
"05","Health and Human Resources","790","Grants to Localities","1","2022","GF",468815857
"05","Health and Human Resources","790","Grants to Localities","1","2022","NGF",9e+07
"05","Health and Human Resources","790","Grants to Localities","1","2022","Total",558815857
"05","Health and Human Resources","790","Grants to Localities","1","2023","GF",497191587
"05","Health and Human Resources","790","Grants to Localities","1","2023","NGF",94732000
"05","Health and Human Resources","790","Grants to Localities","1","2023","Total",591923587
"05","Health and Human Resources","790","Grants to Localities","1","2024","GF",604582889
"05","Health and Human Resources","790","Grants to Localities","1","2024","NGF",97453798
"05","Health and Human Resources","790","Grants to Localities","1","2024","Total",702036687
"05","Health and Human Resources","792","Mental Health Treatment Centers","1283","2019","GF",309879823
"05","Health and Human Resources","792","Mental Health Treatment Centers","1283","2019","NGF",80242730
"05","Health and Human Resources","792","Mental Health Treatment Centers","1283","2019","Total",390122553
"05","Health and Human Resources","792","Mental Health Treatment Centers","1283","2020","GF",349907591
"05","Health and Human Resources","792","Mental Health Treatment Centers","1283","2020","NGF",53562416
"05","Health and Human Resources","792","Mental Health Treatment Centers","1283","2020","Total",403470007
"05","Health and Human Resources","792","Mental Health Treatment Centers","1","2021","GF",387661399
"05","Health and Human Resources","792","Mental Health Treatment Centers","1","2021","NGF",59128968
"05","Health and Human Resources","792","Mental Health Treatment Centers","1","2021","Total",446790367
"05","Health and Human Resources","792","Mental Health Treatment Centers","1","2022","GF",408889328
"05","Health and Human Resources","792","Mental Health Treatment Centers","1","2022","NGF",54128968
"05","Health and Human Resources","792","Mental Health Treatment Centers","1","2022","Total",463018296
"05","Health and Human Resources","792","Mental Health Treatment Centers","1","2023","GF",417361570
"05","Health and Human Resources","792","Mental Health Treatment Centers","1","2023","NGF",54994156
"05","Health and Human Resources","792","Mental Health Treatment Centers","1","2023","Total",472355726
"05","Health and Human Resources","792","Mental Health Treatment Centers","1","2024","GF",462253010
"05","Health and Human Resources","792","Mental Health Treatment Centers","1","2024","NGF",54994156
"05","Health and Human Resources","792","Mental Health Treatment Centers","1","2024","Total",517247166
"05","Health and Human Resources","793","Intellectual Disabilities Training Centers","1283","2019","GF",31636176
"05","Health and Human Resources","793","Intellectual Disabilities Training Centers","1283","2019","NGF",108310736
"05","Health and Human Resources","793","Intellectual Disabilities Training Centers","1283","2019","Total",139946912
"05","Health and Human Resources","793","Intellectual Disabilities Training Centers","1283","2020","GF",24093553
"05","Health and Human Resources","793","Intellectual Disabilities Training Centers","1283","2020","NGF",108310736
"05","Health and Human Resources","793","Intellectual Disabilities Training Centers","1283","2020","Total",132404289
"05","Health and Human Resources","793","Intellectual Disabilities Training Centers","1","2021","GF",18488986
"05","Health and Human Resources","793","Intellectual Disabilities Training Centers","1","2021","NGF",56820731
"05","Health and Human Resources","793","Intellectual Disabilities Training Centers","1","2021","Total",75309717
"05","Health and Human Resources","793","Intellectual Disabilities Training Centers","1","2022","GF",11488986
"05","Health and Human Resources","793","Intellectual Disabilities Training Centers","1","2022","NGF",46826373
"05","Health and Human Resources","793","Intellectual Disabilities Training Centers","1","2022","Total",58315359
"05","Health and Human Resources","793","Intellectual Disabilities Training Centers","1","2023","GF",11359308
"05","Health and Human Resources","793","Intellectual Disabilities Training Centers","1","2023","NGF",47429558
"05","Health and Human Resources","793","Intellectual Disabilities Training Centers","1","2023","Total",58788866
"05","Health and Human Resources","793","Intellectual Disabilities Training Centers","1","2024","GF",12307884
"05","Health and Human Resources","793","Intellectual Disabilities Training Centers","1","2024","NGF",55214166
"05","Health and Human Resources","793","Intellectual Disabilities Training Centers","1","2024","Total",67522050
"05","Health and Human Resources","794","Virginia Center for Behavioral Rehabilitation","1283","2019","GF",40338435
"05","Health and Human Resources","794","Virginia Center for Behavioral Rehabilitation","1283","2019","NGF",0
"05","Health and Human Resources","794","Virginia Center for Behavioral Rehabilitation","1283","2019","Total",40338435
"05","Health and Human Resources","794","Virginia Center for Behavioral Rehabilitation","1283","2020","GF",41694740
"05","Health and Human Resources","794","Virginia Center for Behavioral Rehabilitation","1283","2020","NGF",0
"05","Health and Human Resources","794","Virginia Center for Behavioral Rehabilitation","1283","2020","Total",41694740
"05","Health and Human Resources","794","Virginia Center for Behavioral Rehabilitation","1","2021","GF",51246682
"05","Health and Human Resources","794","Virginia Center for Behavioral Rehabilitation","1","2021","NGF",0
"05","Health and Human Resources","794","Virginia Center for Behavioral Rehabilitation","1","2021","Total",51246682
"05","Health and Human Resources","794","Virginia Center for Behavioral Rehabilitation","1","2022","GF",51246682
"05","Health and Human Resources","794","Virginia Center for Behavioral Rehabilitation","1","2022","NGF",0
"05","Health and Human Resources","794","Virginia Center for Behavioral Rehabilitation","1","2022","Total",51246682
"05","Health and Human Resources","794","Virginia Center for Behavioral Rehabilitation","1","2023","GF",53026898
"05","Health and Human Resources","794","Virginia Center for Behavioral Rehabilitation","1","2023","NGF",0
"05","Health and Human Resources","794","Virginia Center for Behavioral Rehabilitation","1","2023","Total",53026898
"05","Health and Human Resources","794","Virginia Center for Behavioral Rehabilitation","1","2024","GF",58666244
"05","Health and Human Resources","794","Virginia Center for Behavioral Rehabilitation","1","2024","NGF",0
"05","Health and Human Resources","794","Virginia Center for Behavioral Rehabilitation","1","2024","Total",58666244
"06","Public Safety and Homeland Security","127","Department of Emergency Management","1283","2019","GF",7599541
"06","Public Safety and Homeland Security","127","Department of Emergency Management","1283","2019","NGF",56029608
"06","Public Safety and Homeland Security","127","Department of Emergency Management","1283","2019","Total",63629149
"06","Public Safety and Homeland Security","127","Department of Emergency Management","1283","2020","GF",7479078
"06","Public Safety and Homeland Security","127","Department of Emergency Management","1283","2020","NGF",56029608
"06","Public Safety and Homeland Security","127","Department of Emergency Management","1283","2020","Total",63508686
"06","Public Safety and Homeland Security","127","Department of Emergency Management","1","2021","GF",20767247
"06","Public Safety and Homeland Security","127","Department of Emergency Management","1","2021","NGF",82211216
"06","Public Safety and Homeland Security","127","Department of Emergency Management","1","2021","Total",102978463
"06","Public Safety and Homeland Security","127","Department of Emergency Management","1","2022","GF",22313780
"06","Public Safety and Homeland Security","127","Department of Emergency Management","1","2022","NGF",82575240
"06","Public Safety and Homeland Security","127","Department of Emergency Management","1","2022","Total",104889020
"06","Public Safety and Homeland Security","127","Department of Emergency Management","1","2023","GF",22105389
"06","Public Safety and Homeland Security","127","Department of Emergency Management","1","2023","NGF",85421974
"06","Public Safety and Homeland Security","127","Department of Emergency Management","1","2023","Total",107527363
"06","Public Safety and Homeland Security","127","Department of Emergency Management","1","2024","GF",13874854
"06","Public Safety and Homeland Security","127","Department of Emergency Management","1","2024","NGF",85437376
"06","Public Safety and Homeland Security","127","Department of Emergency Management","1","2024","Total",99312230
"06","Public Safety and Homeland Security","140","Department of Criminal Justice Services","1283","2019","GF",230771646
"06","Public Safety and Homeland Security","140","Department of Criminal Justice Services","1283","2019","NGF",86881326
"06","Public Safety and Homeland Security","140","Department of Criminal Justice Services","1283","2019","Total",317652972
"06","Public Safety and Homeland Security","140","Department of Criminal Justice Services","1283","2020","GF",243445260
"06","Public Safety and Homeland Security","140","Department of Criminal Justice Services","1283","2020","NGF",86881326
"06","Public Safety and Homeland Security","140","Department of Criminal Justice Services","1283","2020","Total",330326586
"06","Public Safety and Homeland Security","140","Department of Criminal Justice Services","1","2021","GF",265801659
"06","Public Safety and Homeland Security","140","Department of Criminal Justice Services","1","2021","NGF",104402746
"06","Public Safety and Homeland Security","140","Department of Criminal Justice Services","1","2021","Total",370204405
"06","Public Safety and Homeland Security","140","Department of Criminal Justice Services","1","2022","GF",253093783
"06","Public Safety and Homeland Security","140","Department of Criminal Justice Services","1","2022","NGF",108402746
"06","Public Safety and Homeland Security","140","Department of Criminal Justice Services","1","2022","Total",361496529
"06","Public Safety and Homeland Security","140","Department of Criminal Justice Services","1","2023","GF",312335652
"06","Public Safety and Homeland Security","140","Department of Criminal Justice Services","1","2023","NGF",108578894
"06","Public Safety and Homeland Security","140","Department of Criminal Justice Services","1","2023","Total",420914546
"06","Public Safety and Homeland Security","140","Department of Criminal Justice Services","1","2024","GF",357301164
"06","Public Safety and Homeland Security","140","Department of Criminal Justice Services","1","2024","NGF",108578894
"06","Public Safety and Homeland Security","140","Department of Criminal Justice Services","1","2024","Total",465880058
"06","Public Safety and Homeland Security","156","Department of State Police","1283","2019","GF",306604624
"06","Public Safety and Homeland Security","156","Department of State Police","1283","2019","NGF",67398758
"06","Public Safety and Homeland Security","156","Department of State Police","1283","2019","Total",374003382
"06","Public Safety and Homeland Security","156","Department of State Police","1283","2020","GF",308455332
"06","Public Safety and Homeland Security","156","Department of State Police","1283","2020","NGF",67398758
"06","Public Safety and Homeland Security","156","Department of State Police","1283","2020","Total",375854090
"06","Public Safety and Homeland Security","156","Department of State Police","1","2021","GF",326869064
"06","Public Safety and Homeland Security","156","Department of State Police","1","2021","NGF",70140405
"06","Public Safety and Homeland Security","156","Department of State Police","1","2021","Total",397009469
"06","Public Safety and Homeland Security","156","Department of State Police","1","2022","GF",348386281
"06","Public Safety and Homeland Security","156","Department of State Police","1","2022","NGF",70356564
"06","Public Safety and Homeland Security","156","Department of State Police","1","2022","Total",418742845
"06","Public Safety and Homeland Security","156","Department of State Police","1","2023","GF",388394655
"06","Public Safety and Homeland Security","156","Department of State Police","1","2023","NGF",93234810
"06","Public Safety and Homeland Security","156","Department of State Police","1","2023","Total",481629465
"06","Public Safety and Homeland Security","156","Department of State Police","1","2024","GF",395505909
"06","Public Safety and Homeland Security","156","Department of State Police","1","2024","NGF",93234810
"06","Public Safety and Homeland Security","156","Department of State Police","1","2024","Total",488740719
"06","Public Safety and Homeland Security","187","Secretary of Public Safety and Homeland Security","1283","2019","GF",1323142
"06","Public Safety and Homeland Security","187","Secretary of Public Safety and Homeland Security","1283","2019","NGF",567489
"06","Public Safety and Homeland Security","187","Secretary of Public Safety and Homeland Security","1283","2019","Total",1890631
"06","Public Safety and Homeland Security","187","Secretary of Public Safety and Homeland Security","1283","2020","GF",1223142
"06","Public Safety and Homeland Security","187","Secretary of Public Safety and Homeland Security","1283","2020","NGF",567489
"06","Public Safety and Homeland Security","187","Secretary of Public Safety and Homeland Security","1283","2020","Total",1790631
"06","Public Safety and Homeland Security","187","Secretary of Public Safety and Homeland Security","1","2021","GF",1230902
"06","Public Safety and Homeland Security","187","Secretary of Public Safety and Homeland Security","1","2021","NGF",582897
"06","Public Safety and Homeland Security","187","Secretary of Public Safety and Homeland Security","1","2021","Total",1813799
"06","Public Safety and Homeland Security","187","Secretary of Public Safety and Homeland Security","1","2022","GF",1230902
"06","Public Safety and Homeland Security","187","Secretary of Public Safety and Homeland Security","1","2022","NGF",582897
"06","Public Safety and Homeland Security","187","Secretary of Public Safety and Homeland Security","1","2022","Total",1813799
"06","Public Safety and Homeland Security","187","Secretary of Public Safety and Homeland Security","1","2023","GF",1223977
"06","Public Safety and Homeland Security","187","Secretary of Public Safety and Homeland Security","1","2023","NGF",601083
"06","Public Safety and Homeland Security","187","Secretary of Public Safety and Homeland Security","1","2023","Total",1825060
"06","Public Safety and Homeland Security","187","Secretary of Public Safety and Homeland Security","1","2024","GF",723977
"06","Public Safety and Homeland Security","187","Secretary of Public Safety and Homeland Security","1","2024","NGF",601083
"06","Public Safety and Homeland Security","187","Secretary of Public Safety and Homeland Security","1","2024","Total",1325060
"06","Public Safety and Homeland Security","766","Virginia Parole Board","1283","2019","GF",1787462
"06","Public Safety and Homeland Security","766","Virginia Parole Board","1283","2019","NGF",0
"06","Public Safety and Homeland Security","766","Virginia Parole Board","1283","2019","Total",1787462
"06","Public Safety and Homeland Security","766","Virginia Parole Board","1283","2020","GF",1787462
"06","Public Safety and Homeland Security","766","Virginia Parole Board","1283","2020","NGF",0
"06","Public Safety and Homeland Security","766","Virginia Parole Board","1283","2020","Total",1787462
"06","Public Safety and Homeland Security","766","Virginia Parole Board","1","2021","GF",1851326
"06","Public Safety and Homeland Security","766","Virginia Parole Board","1","2021","NGF",50000
"06","Public Safety and Homeland Security","766","Virginia Parole Board","1","2021","Total",1901326
"06","Public Safety and Homeland Security","766","Virginia Parole Board","1","2022","GF",2598168
"06","Public Safety and Homeland Security","766","Virginia Parole Board","1","2022","NGF",50000
"06","Public Safety and Homeland Security","766","Virginia Parole Board","1","2022","Total",2648168
"06","Public Safety and Homeland Security","766","Virginia Parole Board","1","2023","GF",2683835
"06","Public Safety and Homeland Security","766","Virginia Parole Board","1","2023","NGF",50000
"06","Public Safety and Homeland Security","766","Virginia Parole Board","1","2023","Total",2733835
"06","Public Safety and Homeland Security","766","Virginia Parole Board","1","2024","GF",2683835
"06","Public Safety and Homeland Security","766","Virginia Parole Board","1","2024","NGF",50000
"06","Public Safety and Homeland Security","766","Virginia Parole Board","1","2024","Total",2733835
"06","Public Safety and Homeland Security","777","Department of Juvenile Justice","1283","2019","GF",212043173
"06","Public Safety and Homeland Security","777","Department of Juvenile Justice","1283","2019","NGF",10741348
"06","Public Safety and Homeland Security","777","Department of Juvenile Justice","1283","2019","Total",222784521
"06","Public Safety and Homeland Security","777","Department of Juvenile Justice","1283","2020","GF",212043173
"06","Public Safety and Homeland Security","777","Department of Juvenile Justice","1283","2020","NGF",10432555
"06","Public Safety and Homeland Security","777","Department of Juvenile Justice","1283","2020","Total",222475728
"06","Public Safety and Homeland Security","777","Department of Juvenile Justice","1","2021","GF",221913124
"06","Public Safety and Homeland Security","777","Department of Juvenile Justice","1","2021","NGF",10480003
"06","Public Safety and Homeland Security","777","Department of Juvenile Justice","1","2021","Total",232393127
"06","Public Safety and Homeland Security","777","Department of Juvenile Justice","1","2022","GF",223601035
"06","Public Safety and Homeland Security","777","Department of Juvenile Justice","1","2022","NGF",10044725
"06","Public Safety and Homeland Security","777","Department of Juvenile Justice","1","2022","Total",233645760
"06","Public Safety and Homeland Security","777","Department of Juvenile Justice","1","2023","GF",230211416
"06","Public Safety and Homeland Security","777","Department of Juvenile Justice","1","2023","NGF",10071354
"06","Public Safety and Homeland Security","777","Department of Juvenile Justice","1","2023","Total",240282770
"06","Public Safety and Homeland Security","777","Department of Juvenile Justice","1","2024","GF",232872786
"06","Public Safety and Homeland Security","777","Department of Juvenile Justice","1","2024","NGF",10071354
"06","Public Safety and Homeland Security","777","Department of Juvenile Justice","1","2024","Total",242944140
"06","Public Safety and Homeland Security","778","Department of Forensic Science","1283","2019","GF",45818010
"06","Public Safety and Homeland Security","778","Department of Forensic Science","1283","2019","NGF",2043270
"06","Public Safety and Homeland Security","778","Department of Forensic Science","1283","2019","Total",47861280
"06","Public Safety and Homeland Security","778","Department of Forensic Science","1283","2020","GF",50014798
"06","Public Safety and Homeland Security","778","Department of Forensic Science","1283","2020","NGF",2259770
"06","Public Safety and Homeland Security","778","Department of Forensic Science","1283","2020","Total",52274568
"06","Public Safety and Homeland Security","778","Department of Forensic Science","1","2021","GF",52605974
"06","Public Safety and Homeland Security","778","Department of Forensic Science","1","2021","NGF",2447593
"06","Public Safety and Homeland Security","778","Department of Forensic Science","1","2021","Total",55053567
"06","Public Safety and Homeland Security","778","Department of Forensic Science","1","2022","GF",53325654
"06","Public Safety and Homeland Security","778","Department of Forensic Science","1","2022","NGF",2438930
"06","Public Safety and Homeland Security","778","Department of Forensic Science","1","2022","Total",55764584
"06","Public Safety and Homeland Security","778","Department of Forensic Science","1","2023","GF",56446890
"06","Public Safety and Homeland Security","778","Department of Forensic Science","1","2023","NGF",2680488
"06","Public Safety and Homeland Security","778","Department of Forensic Science","1","2023","Total",59127378
"06","Public Safety and Homeland Security","778","Department of Forensic Science","1","2024","GF",55888025
"06","Public Safety and Homeland Security","778","Department of Forensic Science","1","2024","NGF",2680488
"06","Public Safety and Homeland Security","778","Department of Forensic Science","1","2024","Total",58568513
"06","Public Safety and Homeland Security","799","Department of Corrections","1283","2019","GF",1202416730
"06","Public Safety and Homeland Security","799","Department of Corrections","1283","2019","NGF",67299877
"06","Public Safety and Homeland Security","799","Department of Corrections","1283","2019","Total",1269716607
"06","Public Safety and Homeland Security","799","Department of Corrections","1283","2020","GF",1223163852
"06","Public Safety and Homeland Security","799","Department of Corrections","1283","2020","NGF",66388594
"06","Public Safety and Homeland Security","799","Department of Corrections","1283","2020","Total",1289552446
"06","Public Safety and Homeland Security","799","Department of Corrections","1","2021","GF",1311715535
"06","Public Safety and Homeland Security","799","Department of Corrections","1","2021","NGF",70654676
"06","Public Safety and Homeland Security","799","Department of Corrections","1","2021","Total",1382370211
"06","Public Safety and Homeland Security","799","Department of Corrections","1","2022","GF",1342345641
"06","Public Safety and Homeland Security","799","Department of Corrections","1","2022","NGF",67654676
"06","Public Safety and Homeland Security","799","Department of Corrections","1","2022","Total",1410000317
"06","Public Safety and Homeland Security","799","Department of Corrections","1","2023","GF",1420568778
"06","Public Safety and Homeland Security","799","Department of Corrections","1","2023","NGF",68619556
"06","Public Safety and Homeland Security","799","Department of Corrections","1","2023","Total",1489188334
"06","Public Safety and Homeland Security","799","Department of Corrections","1","2024","GF",1438129045
"06","Public Safety and Homeland Security","799","Department of Corrections","1","2024","NGF",68619556
"06","Public Safety and Homeland Security","799","Department of Corrections","1","2024","Total",1506748601
"06","Public Safety and Homeland Security","957","Commonwealth's Attorneys' Services Council","1283","2019","GF",666396
"06","Public Safety and Homeland Security","957","Commonwealth's Attorneys' Services Council","1283","2019","NGF",1410961
"06","Public Safety and Homeland Security","957","Commonwealth's Attorneys' Services Council","1283","2019","Total",2077357
"06","Public Safety and Homeland Security","957","Commonwealth's Attorneys' Services Council","1283","2020","GF",666396
"06","Public Safety and Homeland Security","957","Commonwealth's Attorneys' Services Council","1283","2020","NGF",1410961
"06","Public Safety and Homeland Security","957","Commonwealth's Attorneys' Services Council","1283","2020","Total",2077357
"06","Public Safety and Homeland Security","957","Commonwealth's Attorneys' Services Council","1","2021","GF",689756
"06","Public Safety and Homeland Security","957","Commonwealth's Attorneys' Services Council","1","2021","NGF",1618848
"06","Public Safety and Homeland Security","957","Commonwealth's Attorneys' Services Council","1","2021","Total",2308604
"06","Public Safety and Homeland Security","957","Commonwealth's Attorneys' Services Council","1","2022","GF",689756
"06","Public Safety and Homeland Security","957","Commonwealth's Attorneys' Services Council","1","2022","NGF",1618848
"06","Public Safety and Homeland Security","957","Commonwealth's Attorneys' Services Council","1","2022","Total",2308604
"06","Public Safety and Homeland Security","957","Commonwealth's Attorneys' Services Council","1","2023","GF",751036
"06","Public Safety and Homeland Security","957","Commonwealth's Attorneys' Services Council","1","2023","NGF",1618848
"06","Public Safety and Homeland Security","957","Commonwealth's Attorneys' Services Council","1","2023","Total",2369884
"06","Public Safety and Homeland Security","957","Commonwealth's Attorneys' Services Council","1","2024","GF",759638
"06","Public Safety and Homeland Security","957","Commonwealth's Attorneys' Services Council","1","2024","NGF",1618848
"06","Public Safety and Homeland Security","957","Commonwealth's Attorneys' Services Council","1","2024","Total",2378486
"06","Public Safety and Homeland Security","960","Department of Fire Programs","1283","2019","GF",2426347
"06","Public Safety and Homeland Security","960","Department of Fire Programs","1283","2019","NGF",39264123
"06","Public Safety and Homeland Security","960","Department of Fire Programs","1283","2019","Total",41690470
"06","Public Safety and Homeland Security","960","Department of Fire Programs","1283","2020","GF",2426347
"06","Public Safety and Homeland Security","960","Department of Fire Programs","1283","2020","NGF",39242373
"06","Public Safety and Homeland Security","960","Department of Fire Programs","1283","2020","Total",41668720
"06","Public Safety and Homeland Security","960","Department of Fire Programs","1","2021","GF",2533475
"06","Public Safety and Homeland Security","960","Department of Fire Programs","1","2021","NGF",44367480
"06","Public Safety and Homeland Security","960","Department of Fire Programs","1","2021","Total",46900955
"06","Public Safety and Homeland Security","960","Department of Fire Programs","1","2022","GF",2576475
"06","Public Safety and Homeland Security","960","Department of Fire Programs","1","2022","NGF",46286440
"06","Public Safety and Homeland Security","960","Department of Fire Programs","1","2022","Total",48862915
"06","Public Safety and Homeland Security","960","Department of Fire Programs","1","2023","GF",2835598
"06","Public Safety and Homeland Security","960","Department of Fire Programs","1","2023","NGF",46895388
"06","Public Safety and Homeland Security","960","Department of Fire Programs","1","2023","Total",49730986
"06","Public Safety and Homeland Security","960","Department of Fire Programs","1","2024","GF",2939398
"06","Public Safety and Homeland Security","960","Department of Fire Programs","1","2024","NGF",46895388
"06","Public Safety and Homeland Security","960","Department of Fire Programs","1","2024","Total",49834786
"06","Public Safety and Homeland Security","977","Virginia Cannabis Control Authority","1283","2019","GF",0
"06","Public Safety and Homeland Security","977","Virginia Cannabis Control Authority","1283","2019","NGF",0
"06","Public Safety and Homeland Security","977","Virginia Cannabis Control Authority","1283","2019","Total",0
"06","Public Safety and Homeland Security","977","Virginia Cannabis Control Authority","1283","2020","GF",0
"06","Public Safety and Homeland Security","977","Virginia Cannabis Control Authority","1283","2020","NGF",0
"06","Public Safety and Homeland Security","977","Virginia Cannabis Control Authority","1283","2020","Total",0
"06","Public Safety and Homeland Security","977","Virginia Cannabis Control Authority","1","2021","GF",0
"06","Public Safety and Homeland Security","977","Virginia Cannabis Control Authority","1","2021","NGF",0
"06","Public Safety and Homeland Security","977","Virginia Cannabis Control Authority","1","2021","Total",0
"06","Public Safety and Homeland Security","977","Virginia Cannabis Control Authority","1","2022","GF",0
"06","Public Safety and Homeland Security","977","Virginia Cannabis Control Authority","1","2022","NGF",0
"06","Public Safety and Homeland Security","977","Virginia Cannabis Control Authority","1","2022","Total",0
"06","Public Safety and Homeland Security","977","Virginia Cannabis Control Authority","1","2023","GF",8200000
"06","Public Safety and Homeland Security","977","Virginia Cannabis Control Authority","1","2023","NGF",0
"06","Public Safety and Homeland Security","977","Virginia Cannabis Control Authority","1","2023","Total",8200000
"06","Public Safety and Homeland Security","977","Virginia Cannabis Control Authority","1","2024","GF",5300000
"06","Public Safety and Homeland Security","977","Virginia Cannabis Control Authority","1","2024","NGF",0
"06","Public Safety and Homeland Security","977","Virginia Cannabis Control Authority","1","2024","Total",5300000
"06","Public Safety and Homeland Security","999","Virginia Alcoholic Beverage Control Authority","1283","2019","GF",0
"06","Public Safety and Homeland Security","999","Virginia Alcoholic Beverage Control Authority","1283","2019","NGF",737002906
"06","Public Safety and Homeland Security","999","Virginia Alcoholic Beverage Control Authority","1283","2019","Total",737002906
"06","Public Safety and Homeland Security","999","Virginia Alcoholic Beverage Control Authority","1283","2020","GF",0
"06","Public Safety and Homeland Security","999","Virginia Alcoholic Beverage Control Authority","1283","2020","NGF",789250840
"06","Public Safety and Homeland Security","999","Virginia Alcoholic Beverage Control Authority","1283","2020","Total",789250840
"06","Public Safety and Homeland Security","999","Virginia Alcoholic Beverage Control Authority","1","2021","GF",0
"06","Public Safety and Homeland Security","999","Virginia Alcoholic Beverage Control Authority","1","2021","NGF",904763666
"06","Public Safety and Homeland Security","999","Virginia Alcoholic Beverage Control Authority","1","2021","Total",904763666
"06","Public Safety and Homeland Security","999","Virginia Alcoholic Beverage Control Authority","1","2022","GF",0
"06","Public Safety and Homeland Security","999","Virginia Alcoholic Beverage Control Authority","1","2022","NGF",967989351
"06","Public Safety and Homeland Security","999","Virginia Alcoholic Beverage Control Authority","1","2022","Total",967989351
"06","Public Safety and Homeland Security","999","Virginia Alcoholic Beverage Control Authority","1","2023","GF",0
"06","Public Safety and Homeland Security","999","Virginia Alcoholic Beverage Control Authority","1","2023","NGF",1012163193
"06","Public Safety and Homeland Security","999","Virginia Alcoholic Beverage Control Authority","1","2023","Total",1012163193
"06","Public Safety and Homeland Security","999","Virginia Alcoholic Beverage Control Authority","1","2024","GF",0
"06","Public Safety and Homeland Security","999","Virginia Alcoholic Beverage Control Authority","1","2024","NGF",1066673301
"06","Public Safety and Homeland Security","999","Virginia Alcoholic Beverage Control Authority","1","2024","Total",1066673301
"07","Legislative","100","Senate of Virginia","1283","2019","GF",19687622
"07","Legislative","100","Senate of Virginia","1283","2019","NGF",0
"07","Legislative","100","Senate of Virginia","1283","2019","Total",19687622
"07","Legislative","100","Senate of Virginia","1283","2020","GF",19716622
"07","Legislative","100","Senate of Virginia","1283","2020","NGF",0
"07","Legislative","100","Senate of Virginia","1283","2020","Total",19716622
"07","Legislative","100","Senate of Virginia","1","2021","GF",21317999
"07","Legislative","100","Senate of Virginia","1","2021","NGF",0
"07","Legislative","100","Senate of Virginia","1","2021","Total",21317999
"07","Legislative","100","Senate of Virginia","1","2022","GF",21312318
"07","Legislative","100","Senate of Virginia","1","2022","NGF",0
"07","Legislative","100","Senate of Virginia","1","2022","Total",21312318
"07","Legislative","100","Senate of Virginia","1","2023","GF",23288547
"07","Legislative","100","Senate of Virginia","1","2023","NGF",0
"07","Legislative","100","Senate of Virginia","1","2023","Total",23288547
"07","Legislative","100","Senate of Virginia","1","2024","GF",23884543
"07","Legislative","100","Senate of Virginia","1","2024","NGF",0
"07","Legislative","100","Senate of Virginia","1","2024","Total",23884543
"07","Legislative","101","House of Delegates","1283","2019","GF",31543919
"07","Legislative","101","House of Delegates","1283","2019","NGF",0
"07","Legislative","101","House of Delegates","1283","2019","Total",31543919
"07","Legislative","101","House of Delegates","1283","2020","GF",31614919
"07","Legislative","101","House of Delegates","1283","2020","NGF",0
"07","Legislative","101","House of Delegates","1283","2020","Total",31614919
"07","Legislative","101","House of Delegates","1","2021","GF",33590074
"07","Legislative","101","House of Delegates","1","2021","NGF",0
"07","Legislative","101","House of Delegates","1","2021","Total",33590074
"07","Legislative","101","House of Delegates","1","2022","GF",33609955
"07","Legislative","101","House of Delegates","1","2022","NGF",0
"07","Legislative","101","House of Delegates","1","2022","Total",33609955
"07","Legislative","101","House of Delegates","1","2023","GF",36168599
"07","Legislative","101","House of Delegates","1","2023","NGF",0
"07","Legislative","101","House of Delegates","1","2023","Total",36168599
"07","Legislative","101","House of Delegates","1","2024","GF",36742592
"07","Legislative","101","House of Delegates","1","2024","NGF",0
"07","Legislative","101","House of Delegates","1","2024","Total",36742592
"07","Legislative","102","Legislative Department Reversion Clearing Account","1283","2019","GF",810715
"07","Legislative","102","Legislative Department Reversion Clearing Account","1283","2019","NGF",0
"07","Legislative","102","Legislative Department Reversion Clearing Account","1283","2019","Total",810715
"07","Legislative","102","Legislative Department Reversion Clearing Account","1283","2020","GF",515715
"07","Legislative","102","Legislative Department Reversion Clearing Account","1283","2020","NGF",0
"07","Legislative","102","Legislative Department Reversion Clearing Account","1283","2020","Total",515715
"07","Legislative","102","Legislative Department Reversion Clearing Account","1","2021","GF",515715
"07","Legislative","102","Legislative Department Reversion Clearing Account","1","2021","NGF",0
"07","Legislative","102","Legislative Department Reversion Clearing Account","1","2021","Total",515715
"07","Legislative","102","Legislative Department Reversion Clearing Account","1","2022","GF",515715
"07","Legislative","102","Legislative Department Reversion Clearing Account","1","2022","NGF",0
"07","Legislative","102","Legislative Department Reversion Clearing Account","1","2022","Total",515715
"07","Legislative","102","Legislative Department Reversion Clearing Account","1","2023","GF",710315
"07","Legislative","102","Legislative Department Reversion Clearing Account","1","2023","NGF",0
"07","Legislative","102","Legislative Department Reversion Clearing Account","1","2023","Total",710315
"07","Legislative","102","Legislative Department Reversion Clearing Account","1","2024","GF",710315
"07","Legislative","102","Legislative Department Reversion Clearing Account","1","2024","NGF",0
"07","Legislative","102","Legislative Department Reversion Clearing Account","1","2024","Total",710315
"07","Legislative","105","Virginia Commission on Intergovernmental Cooperation","1283","2019","GF",781027
"07","Legislative","105","Virginia Commission on Intergovernmental Cooperation","1283","2019","NGF",0
"07","Legislative","105","Virginia Commission on Intergovernmental Cooperation","1283","2019","Total",781027
"07","Legislative","105","Virginia Commission on Intergovernmental Cooperation","1283","2020","GF",781027
"07","Legislative","105","Virginia Commission on Intergovernmental Cooperation","1283","2020","NGF",0
"07","Legislative","105","Virginia Commission on Intergovernmental Cooperation","1283","2020","Total",781027
"07","Legislative","105","Virginia Commission on Intergovernmental Cooperation","1","2021","GF",780935
"07","Legislative","105","Virginia Commission on Intergovernmental Cooperation","1","2021","NGF",0
"07","Legislative","105","Virginia Commission on Intergovernmental Cooperation","1","2021","Total",780935
"07","Legislative","105","Virginia Commission on Intergovernmental Cooperation","1","2022","GF",847312
"07","Legislative","105","Virginia Commission on Intergovernmental Cooperation","1","2022","NGF",0
"07","Legislative","105","Virginia Commission on Intergovernmental Cooperation","1","2022","Total",847312
"07","Legislative","105","Virginia Commission on Intergovernmental Cooperation","1","2023","GF",847301
"07","Legislative","105","Virginia Commission on Intergovernmental Cooperation","1","2023","NGF",0
"07","Legislative","105","Virginia Commission on Intergovernmental Cooperation","1","2023","Total",847301
"07","Legislative","105","Virginia Commission on Intergovernmental Cooperation","1","2024","GF",860032
"07","Legislative","105","Virginia Commission on Intergovernmental Cooperation","1","2024","NGF",0
"07","Legislative","105","Virginia Commission on Intergovernmental Cooperation","1","2024","Total",860032
"07","Legislative","107","Division of Legislative Services","1283","2019","GF",6864081
"07","Legislative","107","Division of Legislative Services","1283","2019","NGF",283676
"07","Legislative","107","Division of Legislative Services","1283","2019","Total",7147757
"07","Legislative","107","Division of Legislative Services","1283","2020","GF",6864081
"07","Legislative","107","Division of Legislative Services","1283","2020","NGF",233462
"07","Legislative","107","Division of Legislative Services","1283","2020","Total",7097543
"07","Legislative","107","Division of Legislative Services","1","2021","GF",7171608
"07","Legislative","107","Division of Legislative Services","1","2021","NGF",20033
"07","Legislative","107","Division of Legislative Services","1","2021","Total",7191641
"07","Legislative","107","Division of Legislative Services","1","2022","GF",7921608
"07","Legislative","107","Division of Legislative Services","1","2022","NGF",285356
"07","Legislative","107","Division of Legislative Services","1","2022","Total",8206964
"07","Legislative","107","Division of Legislative Services","1","2023","GF",8718346
"07","Legislative","107","Division of Legislative Services","1","2023","NGF",20032
"07","Legislative","107","Division of Legislative Services","1","2023","Total",8738378
"07","Legislative","107","Division of Legislative Services","1","2024","GF",8968346
"07","Legislative","107","Division of Legislative Services","1","2024","NGF",579375
"07","Legislative","107","Division of Legislative Services","1","2024","Total",9547721
"07","Legislative","108","Virginia Code Commission","1283","2019","GF",69586
"07","Legislative","108","Virginia Code Commission","1283","2019","NGF",24095
"07","Legislative","108","Virginia Code Commission","1283","2019","Total",93681
"07","Legislative","108","Virginia Code Commission","1283","2020","GF",69586
"07","Legislative","108","Virginia Code Commission","1283","2020","NGF",24095
"07","Legislative","108","Virginia Code Commission","1283","2020","Total",93681
"07","Legislative","108","Virginia Code Commission","1","2021","GF",69557
"07","Legislative","108","Virginia Code Commission","1","2021","NGF",24086
"07","Legislative","108","Virginia Code Commission","1","2021","Total",93643
"07","Legislative","108","Virginia Code Commission","1","2022","GF",69557
"07","Legislative","108","Virginia Code Commission","1","2022","NGF",24086
"07","Legislative","108","Virginia Code Commission","1","2022","Total",93643
"07","Legislative","108","Virginia Code Commission","1","2023","GF",69400
"07","Legislative","108","Virginia Code Commission","1","2023","NGF",24032
"07","Legislative","108","Virginia Code Commission","1","2023","Total",93432
"07","Legislative","108","Virginia Code Commission","1","2024","GF",69400
"07","Legislative","108","Virginia Code Commission","1","2024","NGF",24032
"07","Legislative","108","Virginia Code Commission","1","2024","Total",93432
"07","Legislative","109","Division of Legislative Automated Systems","1283","2019","GF",5277907
"07","Legislative","109","Division of Legislative Automated Systems","1283","2019","NGF",287758
"07","Legislative","109","Division of Legislative Automated Systems","1283","2019","Total",5565665
"07","Legislative","109","Division of Legislative Automated Systems","1283","2020","GF",5277907
"07","Legislative","109","Division of Legislative Automated Systems","1283","2020","NGF",287758
"07","Legislative","109","Division of Legislative Automated Systems","1283","2020","Total",5565665
"07","Legislative","109","Division of Legislative Automated Systems","1","2021","GF",6844298
"07","Legislative","109","Division of Legislative Automated Systems","1","2021","NGF",287669
"07","Legislative","109","Division of Legislative Automated Systems","1","2021","Total",7131967
"07","Legislative","109","Division of Legislative Automated Systems","1","2022","GF",6828946
"07","Legislative","109","Division of Legislative Automated Systems","1","2022","NGF",287669
"07","Legislative","109","Division of Legislative Automated Systems","1","2022","Total",7116615
"07","Legislative","109","Division of Legislative Automated Systems","1","2023","GF",8040567
"07","Legislative","109","Division of Legislative Automated Systems","1","2023","NGF",287602
"07","Legislative","109","Division of Legislative Automated Systems","1","2023","Total",8328169
"07","Legislative","109","Division of Legislative Automated Systems","1","2024","GF",6268095
"07","Legislative","109","Division of Legislative Automated Systems","1","2024","NGF",287602
"07","Legislative","109","Division of Legislative Automated Systems","1","2024","Total",6555697
"07","Legislative","110","Joint Legislative Audit and Review Commission","1283","2019","GF",5575187
"07","Legislative","110","Joint Legislative Audit and Review Commission","1283","2019","NGF",118945
"07","Legislative","110","Joint Legislative Audit and Review Commission","1283","2019","Total",5694132
"07","Legislative","110","Joint Legislative Audit and Review Commission","1283","2020","GF",5426187
"07","Legislative","110","Joint Legislative Audit and Review Commission","1283","2020","NGF",118945
"07","Legislative","110","Joint Legislative Audit and Review Commission","1283","2020","Total",5545132
"07","Legislative","110","Joint Legislative Audit and Review Commission","1","2021","GF",5577841
"07","Legislative","110","Joint Legislative Audit and Review Commission","1","2021","NGF",123679
"07","Legislative","110","Joint Legislative Audit and Review Commission","1","2021","Total",5701520
"07","Legislative","110","Joint Legislative Audit and Review Commission","1","2022","GF",5677841
"07","Legislative","110","Joint Legislative Audit and Review Commission","1","2022","NGF",123679
"07","Legislative","110","Joint Legislative Audit and Review Commission","1","2022","Total",5801520
"07","Legislative","110","Joint Legislative Audit and Review Commission","1","2023","GF",5727654
"07","Legislative","110","Joint Legislative Audit and Review Commission","1","2023","NGF",129282
"07","Legislative","110","Joint Legislative Audit and Review Commission","1","2023","Total",5856936
"07","Legislative","110","Joint Legislative Audit and Review Commission","1","2024","GF",5627654
"07","Legislative","110","Joint Legislative Audit and Review Commission","1","2024","NGF",129282
"07","Legislative","110","Joint Legislative Audit and Review Commission","1","2024","Total",5756936
"07","Legislative","118","Virginia Coal and Energy Commission","1283","2019","GF",21645
"07","Legislative","118","Virginia Coal and Energy Commission","1283","2019","NGF",0
"07","Legislative","118","Virginia Coal and Energy Commission","1283","2019","Total",21645
"07","Legislative","118","Virginia Coal and Energy Commission","1283","2020","GF",21645
"07","Legislative","118","Virginia Coal and Energy Commission","1283","2020","NGF",0
"07","Legislative","118","Virginia Coal and Energy Commission","1283","2020","Total",21645
"07","Legislative","118","Virginia Coal and Energy Commission","1","2021","GF",21630
"07","Legislative","118","Virginia Coal and Energy Commission","1","2021","NGF",0
"07","Legislative","118","Virginia Coal and Energy Commission","1","2021","Total",21630
"07","Legislative","118","Virginia Coal and Energy Commission","1","2022","GF",21630
"07","Legislative","118","Virginia Coal and Energy Commission","1","2022","NGF",0
"07","Legislative","118","Virginia Coal and Energy Commission","1","2022","Total",21630
"07","Legislative","118","Virginia Coal and Energy Commission","1","2023","GF",0
"07","Legislative","118","Virginia Coal and Energy Commission","1","2023","NGF",0
"07","Legislative","118","Virginia Coal and Energy Commission","1","2023","Total",0
"07","Legislative","118","Virginia Coal and Energy Commission","1","2024","GF",0
"07","Legislative","118","Virginia Coal and Energy Commission","1","2024","NGF",0
"07","Legislative","118","Virginia Coal and Energy Commission","1","2024","Total",0
"07","Legislative","133","Auditor of Public Accounts","1283","2019","GF",12221188
"07","Legislative","133","Auditor of Public Accounts","1283","2019","NGF",1553959
"07","Legislative","133","Auditor of Public Accounts","1283","2019","Total",13775147
"07","Legislative","133","Auditor of Public Accounts","1283","2020","GF",12221188
"07","Legislative","133","Auditor of Public Accounts","1283","2020","NGF",1803959
"07","Legislative","133","Auditor of Public Accounts","1283","2020","Total",14025147
"07","Legislative","133","Auditor of Public Accounts","1","2021","GF",13076429
"07","Legislative","133","Auditor of Public Accounts","1","2021","NGF",1851284
"07","Legislative","133","Auditor of Public Accounts","1","2021","Total",14927713
"07","Legislative","133","Auditor of Public Accounts","1","2022","GF",13076429
"07","Legislative","133","Auditor of Public Accounts","1","2022","NGF",1851284
"07","Legislative","133","Auditor of Public Accounts","1","2022","Total",14927713
"07","Legislative","133","Auditor of Public Accounts","1","2023","GF",13704429
"07","Legislative","133","Auditor of Public Accounts","1","2023","NGF",1933403
"07","Legislative","133","Auditor of Public Accounts","1","2023","Total",15637832
"07","Legislative","133","Auditor of Public Accounts","1","2024","GF",13704429
"07","Legislative","133","Auditor of Public Accounts","1","2024","NGF",1933403
"07","Legislative","133","Auditor of Public Accounts","1","2024","Total",15637832
"07","Legislative","142","Virginia State Crime Commission","1283","2019","GF",802749
"07","Legislative","142","Virginia State Crime Commission","1283","2019","NGF",137653
"07","Legislative","142","Virginia State Crime Commission","1283","2019","Total",940402
"07","Legislative","142","Virginia State Crime Commission","1283","2020","GF",1042749
"07","Legislative","142","Virginia State Crime Commission","1283","2020","NGF",137653
"07","Legislative","142","Virginia State Crime Commission","1283","2020","Total",1180402
"07","Legislative","142","Virginia State Crime Commission","1","2021","GF",1204374
"07","Legislative","142","Virginia State Crime Commission","1","2021","NGF",137594
"07","Legislative","142","Virginia State Crime Commission","1","2021","Total",1341968
"07","Legislative","142","Virginia State Crime Commission","1","2022","GF",1204374
"07","Legislative","142","Virginia State Crime Commission","1","2022","NGF",137594
"07","Legislative","142","Virginia State Crime Commission","1","2022","Total",1341968
"07","Legislative","142","Virginia State Crime Commission","1","2023","GF",1241911
"07","Legislative","142","Virginia State Crime Commission","1","2023","NGF",137542
"07","Legislative","142","Virginia State Crime Commission","1","2023","Total",1379453
"07","Legislative","142","Virginia State Crime Commission","1","2024","GF",1316911
"07","Legislative","142","Virginia State Crime Commission","1","2024","NGF",137542
"07","Legislative","142","Virginia State Crime Commission","1","2024","Total",1454453
"07","Legislative","145","Commissioners for the Promotion of Uniformity of Legislation in the United States","1283","2019","GF",87520
"07","Legislative","145","Commissioners for the Promotion of Uniformity of Legislation in the United States","1283","2019","NGF",0
"07","Legislative","145","Commissioners for the Promotion of Uniformity of Legislation in the United States","1283","2019","Total",87520
"07","Legislative","145","Commissioners for the Promotion of Uniformity of Legislation in the United States","1283","2020","GF",87520
"07","Legislative","145","Commissioners for the Promotion of Uniformity of Legislation in the United States","1283","2020","NGF",0
"07","Legislative","145","Commissioners for the Promotion of Uniformity of Legislation in the United States","1283","2020","Total",87520
"07","Legislative","145","Commissioners for the Promotion of Uniformity of Legislation in the United States","1","2021","GF",87566
"07","Legislative","145","Commissioners for the Promotion of Uniformity of Legislation in the United States","1","2021","NGF",0
"07","Legislative","145","Commissioners for the Promotion of Uniformity of Legislation in the United States","1","2021","Total",87566
"07","Legislative","145","Commissioners for the Promotion of Uniformity of Legislation in the United States","1","2022","GF",87566
"07","Legislative","145","Commissioners for the Promotion of Uniformity of Legislation in the United States","1","2022","NGF",0
"07","Legislative","145","Commissioners for the Promotion of Uniformity of Legislation in the United States","1","2022","Total",87566
"07","Legislative","145","Commissioners for the Promotion of Uniformity of Legislation in the United States","1","2023","GF",87547
"07","Legislative","145","Commissioners for the Promotion of Uniformity of Legislation in the United States","1","2023","NGF",0
"07","Legislative","145","Commissioners for the Promotion of Uniformity of Legislation in the United States","1","2023","Total",87547
"07","Legislative","145","Commissioners for the Promotion of Uniformity of Legislation in the United States","1","2024","GF",87547
"07","Legislative","145","Commissioners for the Promotion of Uniformity of Legislation in the United States","1","2024","NGF",0
"07","Legislative","145","Commissioners for the Promotion of Uniformity of Legislation in the United States","1","2024","Total",87547
"07","Legislative","330","Virginia-Israel Advisory Board","1283","2019","GF",215184
"07","Legislative","330","Virginia-Israel Advisory Board","1283","2019","NGF",0
"07","Legislative","330","Virginia-Israel Advisory Board","1283","2019","Total",215184
"07","Legislative","330","Virginia-Israel Advisory Board","1283","2020","GF",215184
"07","Legislative","330","Virginia-Israel Advisory Board","1283","2020","NGF",0
"07","Legislative","330","Virginia-Israel Advisory Board","1283","2020","Total",215184
"07","Legislative","330","Virginia-Israel Advisory Board","1","2021","GF",219002
"07","Legislative","330","Virginia-Israel Advisory Board","1","2021","NGF",0
"07","Legislative","330","Virginia-Israel Advisory Board","1","2021","Total",219002
"07","Legislative","330","Virginia-Israel Advisory Board","1","2022","GF",219002
"07","Legislative","330","Virginia-Israel Advisory Board","1","2022","NGF",0
"07","Legislative","330","Virginia-Israel Advisory Board","1","2022","Total",219002
"07","Legislative","330","Virginia-Israel Advisory Board","1","2023","GF",277425
"07","Legislative","330","Virginia-Israel Advisory Board","1","2023","NGF",0
"07","Legislative","330","Virginia-Israel Advisory Board","1","2023","Total",277425
"07","Legislative","330","Virginia-Israel Advisory Board","1","2024","GF",227425
"07","Legislative","330","Virginia-Israel Advisory Board","1","2024","NGF",0
"07","Legislative","330","Virginia-Israel Advisory Board","1","2024","Total",227425
"07","Legislative","413","Commission on the Virginia Alcohol Safety Action Program","1283","2019","GF",0
"07","Legislative","413","Commission on the Virginia Alcohol Safety Action Program","1283","2019","NGF",1540045
"07","Legislative","413","Commission on the Virginia Alcohol Safety Action Program","1283","2019","Total",1540045
"07","Legislative","413","Commission on the Virginia Alcohol Safety Action Program","1283","2020","GF",0
"07","Legislative","413","Commission on the Virginia Alcohol Safety Action Program","1283","2020","NGF",1540045
"07","Legislative","413","Commission on the Virginia Alcohol Safety Action Program","1283","2020","Total",1540045
"07","Legislative","413","Commission on the Virginia Alcohol Safety Action Program","1","2021","GF",0
"07","Legislative","413","Commission on the Virginia Alcohol Safety Action Program","1","2021","NGF",1581154
"07","Legislative","413","Commission on the Virginia Alcohol Safety Action Program","1","2021","Total",1581154
"07","Legislative","413","Commission on the Virginia Alcohol Safety Action Program","1","2022","GF",0
"07","Legislative","413","Commission on the Virginia Alcohol Safety Action Program","1","2022","NGF",1581154
"07","Legislative","413","Commission on the Virginia Alcohol Safety Action Program","1","2022","Total",1581154
"07","Legislative","413","Commission on the Virginia Alcohol Safety Action Program","1","2023","GF",0
"07","Legislative","413","Commission on the Virginia Alcohol Safety Action Program","1","2023","NGF",2550431
"07","Legislative","413","Commission on the Virginia Alcohol Safety Action Program","1","2023","Total",2550431
"07","Legislative","413","Commission on the Virginia Alcohol Safety Action Program","1","2024","GF",0
"07","Legislative","413","Commission on the Virginia Alcohol Safety Action Program","1","2024","NGF",2550431
"07","Legislative","413","Commission on the Virginia Alcohol Safety Action Program","1","2024","Total",2550431
"07","Legislative","820","Capitol Square Preservation Council","1283","2019","GF",221297
"07","Legislative","820","Capitol Square Preservation Council","1283","2019","NGF",0
"07","Legislative","820","Capitol Square Preservation Council","1283","2019","Total",221297
"07","Legislative","820","Capitol Square Preservation Council","1283","2020","GF",221297
"07","Legislative","820","Capitol Square Preservation Council","1283","2020","NGF",0
"07","Legislative","820","Capitol Square Preservation Council","1283","2020","Total",221297
"07","Legislative","820","Capitol Square Preservation Council","1","2021","GF",167162
"07","Legislative","820","Capitol Square Preservation Council","1","2021","NGF",0
"07","Legislative","820","Capitol Square Preservation Council","1","2021","Total",167162
"07","Legislative","820","Capitol Square Preservation Council","1","2022","GF",217162
"07","Legislative","820","Capitol Square Preservation Council","1","2022","NGF",0
"07","Legislative","820","Capitol Square Preservation Council","1","2022","Total",217162
"07","Legislative","820","Capitol Square Preservation Council","1","2023","GF",224081
"07","Legislative","820","Capitol Square Preservation Council","1","2023","NGF",0
"07","Legislative","820","Capitol Square Preservation Council","1","2023","Total",224081
"07","Legislative","820","Capitol Square Preservation Council","1","2024","GF",224081
"07","Legislative","820","Capitol Square Preservation Council","1","2024","NGF",0
"07","Legislative","820","Capitol Square Preservation Council","1","2024","Total",224081
"07","Legislative","834","Virginia Freedom of Information Advisory Council","1283","2019","GF",208260
"07","Legislative","834","Virginia Freedom of Information Advisory Council","1283","2019","NGF",0
"07","Legislative","834","Virginia Freedom of Information Advisory Council","1283","2019","Total",208260
"07","Legislative","834","Virginia Freedom of Information Advisory Council","1283","2020","GF",208260
"07","Legislative","834","Virginia Freedom of Information Advisory Council","1283","2020","NGF",0
"07","Legislative","834","Virginia Freedom of Information Advisory Council","1283","2020","Total",208260
"07","Legislative","834","Virginia Freedom of Information Advisory Council","1","2021","GF",216456
"07","Legislative","834","Virginia Freedom of Information Advisory Council","1","2021","NGF",0
"07","Legislative","834","Virginia Freedom of Information Advisory Council","1","2021","Total",216456
"07","Legislative","834","Virginia Freedom of Information Advisory Council","1","2022","GF",216456
"07","Legislative","834","Virginia Freedom of Information Advisory Council","1","2022","NGF",0
"07","Legislative","834","Virginia Freedom of Information Advisory Council","1","2022","Total",216456
"07","Legislative","834","Virginia Freedom of Information Advisory Council","1","2023","GF",245803
"07","Legislative","834","Virginia Freedom of Information Advisory Council","1","2023","NGF",0
"07","Legislative","834","Virginia Freedom of Information Advisory Council","1","2023","Total",245803
"07","Legislative","834","Virginia Freedom of Information Advisory Council","1","2024","GF",245803
"07","Legislative","834","Virginia Freedom of Information Advisory Council","1","2024","NGF",0
"07","Legislative","834","Virginia Freedom of Information Advisory Council","1","2024","Total",245803
"07","Legislative","837","Virginia Disability Commission","1283","2019","GF",25647
"07","Legislative","837","Virginia Disability Commission","1283","2019","NGF",0
"07","Legislative","837","Virginia Disability Commission","1283","2019","Total",25647
"07","Legislative","837","Virginia Disability Commission","1283","2020","GF",25647
"07","Legislative","837","Virginia Disability Commission","1283","2020","NGF",0
"07","Legislative","837","Virginia Disability Commission","1283","2020","Total",25647
"07","Legislative","837","Virginia Disability Commission","1","2021","GF",25802
"07","Legislative","837","Virginia Disability Commission","1","2021","NGF",0
"07","Legislative","837","Virginia Disability Commission","1","2021","Total",25802
"07","Legislative","837","Virginia Disability Commission","1","2022","GF",25802
"07","Legislative","837","Virginia Disability Commission","1","2022","NGF",0
"07","Legislative","837","Virginia Disability Commission","1","2022","Total",25802
"07","Legislative","837","Virginia Disability Commission","1","2023","GF",0
"07","Legislative","837","Virginia Disability Commission","1","2023","NGF",0
"07","Legislative","837","Virginia Disability Commission","1","2023","Total",0
"07","Legislative","837","Virginia Disability Commission","1","2024","GF",0
"07","Legislative","837","Virginia Disability Commission","1","2024","NGF",0
"07","Legislative","837","Virginia Disability Commission","1","2024","Total",0
"07","Legislative","839","Virginia Commission on Youth","1283","2019","GF",355201
"07","Legislative","839","Virginia Commission on Youth","1283","2019","NGF",0
"07","Legislative","839","Virginia Commission on Youth","1283","2019","Total",355201
"07","Legislative","839","Virginia Commission on Youth","1283","2020","GF",355201
"07","Legislative","839","Virginia Commission on Youth","1283","2020","NGF",0
"07","Legislative","839","Virginia Commission on Youth","1283","2020","Total",355201
"07","Legislative","839","Virginia Commission on Youth","1","2021","GF",369344
"07","Legislative","839","Virginia Commission on Youth","1","2021","NGF",0
"07","Legislative","839","Virginia Commission on Youth","1","2021","Total",369344
"07","Legislative","839","Virginia Commission on Youth","1","2022","GF",369344
"07","Legislative","839","Virginia Commission on Youth","1","2022","NGF",0
"07","Legislative","839","Virginia Commission on Youth","1","2022","Total",369344
"07","Legislative","839","Virginia Commission on Youth","1","2023","GF",383652
"07","Legislative","839","Virginia Commission on Youth","1","2023","NGF",0
"07","Legislative","839","Virginia Commission on Youth","1","2023","Total",383652
"07","Legislative","839","Virginia Commission on Youth","1","2024","GF",383652
"07","Legislative","839","Virginia Commission on Youth","1","2024","NGF",0
"07","Legislative","839","Virginia Commission on Youth","1","2024","Total",383652
"07","Legislative","840","Virginia Housing Commission","1283","2019","GF",21265
"07","Legislative","840","Virginia Housing Commission","1283","2019","NGF",0
"07","Legislative","840","Virginia Housing Commission","1283","2019","Total",21265
"07","Legislative","840","Virginia Housing Commission","1283","2020","GF",21265
"07","Legislative","840","Virginia Housing Commission","1283","2020","NGF",0
"07","Legislative","840","Virginia Housing Commission","1283","2020","Total",21265
"07","Legislative","840","Virginia Housing Commission","1","2021","GF",21152
"07","Legislative","840","Virginia Housing Commission","1","2021","NGF",0
"07","Legislative","840","Virginia Housing Commission","1","2021","Total",21152
"07","Legislative","840","Virginia Housing Commission","1","2022","GF",21152
"07","Legislative","840","Virginia Housing Commission","1","2022","NGF",0
"07","Legislative","840","Virginia Housing Commission","1","2022","Total",21152
"07","Legislative","840","Virginia Housing Commission","1","2023","GF",417624
"07","Legislative","840","Virginia Housing Commission","1","2023","NGF",0
"07","Legislative","840","Virginia Housing Commission","1","2023","Total",417624
"07","Legislative","840","Virginia Housing Commission","1","2024","GF",423874
"07","Legislative","840","Virginia Housing Commission","1","2024","NGF",0
"07","Legislative","840","Virginia Housing Commission","1","2024","Total",423874
"07","Legislative","842","Chesapeake Bay Commission","1283","2019","GF",332368
"07","Legislative","842","Chesapeake Bay Commission","1283","2019","NGF",0
"07","Legislative","842","Chesapeake Bay Commission","1283","2019","Total",332368
"07","Legislative","842","Chesapeake Bay Commission","1283","2020","GF",332368
"07","Legislative","842","Chesapeake Bay Commission","1283","2020","NGF",0
"07","Legislative","842","Chesapeake Bay Commission","1283","2020","Total",332368
"07","Legislative","842","Chesapeake Bay Commission","1","2021","GF",337309
"07","Legislative","842","Chesapeake Bay Commission","1","2021","NGF",0
"07","Legislative","842","Chesapeake Bay Commission","1","2021","Total",337309
"07","Legislative","842","Chesapeake Bay Commission","1","2022","GF",337309
"07","Legislative","842","Chesapeake Bay Commission","1","2022","NGF",0
"07","Legislative","842","Chesapeake Bay Commission","1","2022","Total",337309
"07","Legislative","842","Chesapeake Bay Commission","1","2023","GF",343630
"07","Legislative","842","Chesapeake Bay Commission","1","2023","NGF",0
"07","Legislative","842","Chesapeake Bay Commission","1","2023","Total",343630
"07","Legislative","842","Chesapeake Bay Commission","1","2024","GF",343630
"07","Legislative","842","Chesapeake Bay Commission","1","2024","NGF",0
"07","Legislative","842","Chesapeake Bay Commission","1","2024","Total",343630
"07","Legislative","844","Joint Commission on Health Care","1283","2019","GF",779133
"07","Legislative","844","Joint Commission on Health Care","1283","2019","NGF",0
"07","Legislative","844","Joint Commission on Health Care","1283","2019","Total",779133
"07","Legislative","844","Joint Commission on Health Care","1283","2020","GF",779133
"07","Legislative","844","Joint Commission on Health Care","1283","2020","NGF",0
"07","Legislative","844","Joint Commission on Health Care","1283","2020","Total",779133
"07","Legislative","844","Joint Commission on Health Care","1","2021","GF",795343
"07","Legislative","844","Joint Commission on Health Care","1","2021","NGF",0
"07","Legislative","844","Joint Commission on Health Care","1","2021","Total",795343
"07","Legislative","844","Joint Commission on Health Care","1","2022","GF",795343
"07","Legislative","844","Joint Commission on Health Care","1","2022","NGF",0
"07","Legislative","844","Joint Commission on Health Care","1","2022","Total",795343
"07","Legislative","844","Joint Commission on Health Care","1","2023","GF",981532
"07","Legislative","844","Joint Commission on Health Care","1","2023","NGF",0
"07","Legislative","844","Joint Commission on Health Care","1","2023","Total",981532
"07","Legislative","844","Joint Commission on Health Care","1","2024","GF",981532
"07","Legislative","844","Joint Commission on Health Care","1","2024","NGF",0
"07","Legislative","844","Joint Commission on Health Care","1","2024","Total",981532
"07","Legislative","845","Dr. Martin Luther King, Jr. Memorial Commission","1283","2019","GF",50763
"07","Legislative","845","Dr. Martin Luther King, Jr. Memorial Commission","1283","2019","NGF",0
"07","Legislative","845","Dr. Martin Luther King, Jr. Memorial Commission","1283","2019","Total",50763
"07","Legislative","845","Dr. Martin Luther King, Jr. Memorial Commission","1283","2020","GF",50763
"07","Legislative","845","Dr. Martin Luther King, Jr. Memorial Commission","1283","2020","NGF",0
"07","Legislative","845","Dr. Martin Luther King, Jr. Memorial Commission","1283","2020","Total",50763
"07","Legislative","845","Dr. Martin Luther King, Jr. Memorial Commission","1","2021","GF",150643
"07","Legislative","845","Dr. Martin Luther King, Jr. Memorial Commission","1","2021","NGF",0
"07","Legislative","845","Dr. Martin Luther King, Jr. Memorial Commission","1","2021","Total",150643
"07","Legislative","845","Dr. Martin Luther King, Jr. Memorial Commission","1","2022","GF",100643
"07","Legislative","845","Dr. Martin Luther King, Jr. Memorial Commission","1","2022","NGF",0
"07","Legislative","845","Dr. Martin Luther King, Jr. Memorial Commission","1","2022","Total",100643
"07","Legislative","845","Dr. Martin Luther King, Jr. Memorial Commission","1","2023","GF",100659
"07","Legislative","845","Dr. Martin Luther King, Jr. Memorial Commission","1","2023","NGF",0
"07","Legislative","845","Dr. Martin Luther King, Jr. Memorial Commission","1","2023","Total",100659
"07","Legislative","845","Dr. Martin Luther King, Jr. Memorial Commission","1","2024","GF",100659
"07","Legislative","845","Dr. Martin Luther King, Jr. Memorial Commission","1","2024","NGF",0
"07","Legislative","845","Dr. Martin Luther King, Jr. Memorial Commission","1","2024","Total",100659
"07","Legislative","847","Joint Commission on Technology and Science","1283","2019","GF",222993
"07","Legislative","847","Joint Commission on Technology and Science","1283","2019","NGF",0
"07","Legislative","847","Joint Commission on Technology and Science","1283","2019","Total",222993
"07","Legislative","847","Joint Commission on Technology and Science","1283","2020","GF",222993
"07","Legislative","847","Joint Commission on Technology and Science","1283","2020","NGF",0
"07","Legislative","847","Joint Commission on Technology and Science","1283","2020","Total",222993
"07","Legislative","847","Joint Commission on Technology and Science","1","2021","GF",352514
"07","Legislative","847","Joint Commission on Technology and Science","1","2021","NGF",0
"07","Legislative","847","Joint Commission on Technology and Science","1","2021","Total",352514
"07","Legislative","847","Joint Commission on Technology and Science","1","2022","GF",227514
"07","Legislative","847","Joint Commission on Technology and Science","1","2022","NGF",0
"07","Legislative","847","Joint Commission on Technology and Science","1","2022","Total",227514
"07","Legislative","847","Joint Commission on Technology and Science","1","2023","GF",232887
"07","Legislative","847","Joint Commission on Technology and Science","1","2023","NGF",0
"07","Legislative","847","Joint Commission on Technology and Science","1","2023","Total",232887
"07","Legislative","847","Joint Commission on Technology and Science","1","2024","GF",232887
"07","Legislative","847","Joint Commission on Technology and Science","1","2024","NGF",0
"07","Legislative","847","Joint Commission on Technology and Science","1","2024","Total",232887
"07","Legislative","858","Brown v. Board of Education Scholarship Committee","1283","2019","GF",25339
"07","Legislative","858","Brown v. Board of Education Scholarship Committee","1283","2019","NGF",0
"07","Legislative","858","Brown v. Board of Education Scholarship Committee","1283","2019","Total",25339
"07","Legislative","858","Brown v. Board of Education Scholarship Committee","1283","2020","GF",25339
"07","Legislative","858","Brown v. Board of Education Scholarship Committee","1283","2020","NGF",0
"07","Legislative","858","Brown v. Board of Education Scholarship Committee","1283","2020","Total",25339
"07","Legislative","858","Brown v. Board of Education Scholarship Committee","1","2021","GF",25363
"07","Legislative","858","Brown v. Board of Education Scholarship Committee","1","2021","NGF",0
"07","Legislative","858","Brown v. Board of Education Scholarship Committee","1","2021","Total",25363
"07","Legislative","858","Brown v. Board of Education Scholarship Committee","1","2022","GF",25363
"07","Legislative","858","Brown v. Board of Education Scholarship Committee","1","2022","NGF",0
"07","Legislative","858","Brown v. Board of Education Scholarship Committee","1","2022","Total",25363
"07","Legislative","858","Brown v. Board of Education Scholarship Committee","1","2023","GF",25358
"07","Legislative","858","Brown v. Board of Education Scholarship Committee","1","2023","NGF",0
"07","Legislative","858","Brown v. Board of Education Scholarship Committee","1","2023","Total",25358
"07","Legislative","858","Brown v. Board of Education Scholarship Committee","1","2024","GF",25358
"07","Legislative","858","Brown v. Board of Education Scholarship Committee","1","2024","NGF",0
"07","Legislative","858","Brown v. Board of Education Scholarship Committee","1","2024","Total",25358
"07","Legislative","860","Commission on Unemployment Compensation","1283","2019","GF",6072
"07","Legislative","860","Commission on Unemployment Compensation","1283","2019","NGF",0
"07","Legislative","860","Commission on Unemployment Compensation","1283","2019","Total",6072
"07","Legislative","860","Commission on Unemployment Compensation","1283","2020","GF",6072
"07","Legislative","860","Commission on Unemployment Compensation","1283","2020","NGF",0
"07","Legislative","860","Commission on Unemployment Compensation","1283","2020","Total",6072
"07","Legislative","860","Commission on Unemployment Compensation","1","2021","GF",6052
"07","Legislative","860","Commission on Unemployment Compensation","1","2021","NGF",0
"07","Legislative","860","Commission on Unemployment Compensation","1","2021","Total",6052
"07","Legislative","860","Commission on Unemployment Compensation","1","2022","GF",6052
"07","Legislative","860","Commission on Unemployment Compensation","1","2022","NGF",0
"07","Legislative","860","Commission on Unemployment Compensation","1","2022","Total",6052
"07","Legislative","860","Commission on Unemployment Compensation","1","2023","GF",0
"07","Legislative","860","Commission on Unemployment Compensation","1","2023","NGF",0
"07","Legislative","860","Commission on Unemployment Compensation","1","2023","Total",0
"07","Legislative","860","Commission on Unemployment Compensation","1","2024","GF",0
"07","Legislative","860","Commission on Unemployment Compensation","1","2024","NGF",0
"07","Legislative","860","Commission on Unemployment Compensation","1","2024","Total",0
"07","Legislative","862","Small Business Commission","1283","2019","GF",15261
"07","Legislative","862","Small Business Commission","1283","2019","NGF",0
"07","Legislative","862","Small Business Commission","1283","2019","Total",15261
"07","Legislative","862","Small Business Commission","1283","2020","GF",15261
"07","Legislative","862","Small Business Commission","1283","2020","NGF",0
"07","Legislative","862","Small Business Commission","1283","2020","Total",15261
"07","Legislative","862","Small Business Commission","1","2021","GF",15191
"07","Legislative","862","Small Business Commission","1","2021","NGF",0
"07","Legislative","862","Small Business Commission","1","2021","Total",15191
"07","Legislative","862","Small Business Commission","1","2022","GF",15191
"07","Legislative","862","Small Business Commission","1","2022","NGF",0
"07","Legislative","862","Small Business Commission","1","2022","Total",15191
"07","Legislative","862","Small Business Commission","1","2023","GF",0
"07","Legislative","862","Small Business Commission","1","2023","NGF",0
"07","Legislative","862","Small Business Commission","1","2023","Total",0
"07","Legislative","862","Small Business Commission","1","2024","GF",0
"07","Legislative","862","Small Business Commission","1","2024","NGF",0
"07","Legislative","862","Small Business Commission","1","2024","Total",0
"07","Legislative","863","Commission on Electric Utility Regulation","1283","2019","GF",10015
"07","Legislative","863","Commission on Electric Utility Regulation","1283","2019","NGF",0
"07","Legislative","863","Commission on Electric Utility Regulation","1283","2019","Total",10015
"07","Legislative","863","Commission on Electric Utility Regulation","1283","2020","GF",10015
"07","Legislative","863","Commission on Electric Utility Regulation","1283","2020","NGF",0
"07","Legislative","863","Commission on Electric Utility Regulation","1283","2020","Total",10015
"07","Legislative","863","Commission on Electric Utility Regulation","1","2021","GF",10013
"07","Legislative","863","Commission on Electric Utility Regulation","1","2021","NGF",0
"07","Legislative","863","Commission on Electric Utility Regulation","1","2021","Total",10013
"07","Legislative","863","Commission on Electric Utility Regulation","1","2022","GF",10013
"07","Legislative","863","Commission on Electric Utility Regulation","1","2022","NGF",0
"07","Legislative","863","Commission on Electric Utility Regulation","1","2022","Total",10013
"07","Legislative","863","Commission on Electric Utility Regulation","1","2023","GF",0
"07","Legislative","863","Commission on Electric Utility Regulation","1","2023","NGF",0
"07","Legislative","863","Commission on Electric Utility Regulation","1","2023","Total",0
"07","Legislative","863","Commission on Electric Utility Regulation","1","2024","GF",345525
"07","Legislative","863","Commission on Electric Utility Regulation","1","2024","NGF",0
"07","Legislative","863","Commission on Electric Utility Regulation","1","2024","Total",345525
"07","Legislative","864","Manufacturing Development Commission","1283","2019","GF",12158
"07","Legislative","864","Manufacturing Development Commission","1283","2019","NGF",0
"07","Legislative","864","Manufacturing Development Commission","1283","2019","Total",12158
"07","Legislative","864","Manufacturing Development Commission","1283","2020","GF",12158
"07","Legislative","864","Manufacturing Development Commission","1283","2020","NGF",0
"07","Legislative","864","Manufacturing Development Commission","1283","2020","Total",12158
"07","Legislative","864","Manufacturing Development Commission","1","2021","GF",12039
"07","Legislative","864","Manufacturing Development Commission","1","2021","NGF",0
"07","Legislative","864","Manufacturing Development Commission","1","2021","Total",12039
"07","Legislative","864","Manufacturing Development Commission","1","2022","GF",12039
"07","Legislative","864","Manufacturing Development Commission","1","2022","NGF",0
"07","Legislative","864","Manufacturing Development Commission","1","2022","Total",12039
"07","Legislative","864","Manufacturing Development Commission","1","2023","GF",0
"07","Legislative","864","Manufacturing Development Commission","1","2023","NGF",0
"07","Legislative","864","Manufacturing Development Commission","1","2023","Total",0
"07","Legislative","864","Manufacturing Development Commission","1","2024","GF",0
"07","Legislative","864","Manufacturing Development Commission","1","2024","NGF",0
"07","Legislative","864","Manufacturing Development Commission","1","2024","Total",0
"07","Legislative","865","Joint Commission on Administrative Rules","1283","2019","GF",10015
"07","Legislative","865","Joint Commission on Administrative Rules","1283","2019","NGF",0
"07","Legislative","865","Joint Commission on Administrative Rules","1283","2019","Total",10015
"07","Legislative","865","Joint Commission on Administrative Rules","1283","2020","GF",10015
"07","Legislative","865","Joint Commission on Administrative Rules","1283","2020","NGF",0
"07","Legislative","865","Joint Commission on Administrative Rules","1283","2020","Total",10015
"07","Legislative","865","Joint Commission on Administrative Rules","1","2021","GF",10090
"07","Legislative","865","Joint Commission on Administrative Rules","1","2021","NGF",0
"07","Legislative","865","Joint Commission on Administrative Rules","1","2021","Total",10090
"07","Legislative","865","Joint Commission on Administrative Rules","1","2022","GF",10090
"07","Legislative","865","Joint Commission on Administrative Rules","1","2022","NGF",0
"07","Legislative","865","Joint Commission on Administrative Rules","1","2022","Total",10090
"07","Legislative","865","Joint Commission on Administrative Rules","1","2023","GF",0
"07","Legislative","865","Joint Commission on Administrative Rules","1","2023","NGF",0
"07","Legislative","865","Joint Commission on Administrative Rules","1","2023","Total",0
"07","Legislative","865","Joint Commission on Administrative Rules","1","2024","GF",0
"07","Legislative","865","Joint Commission on Administrative Rules","1","2024","NGF",0
"07","Legislative","865","Joint Commission on Administrative Rules","1","2024","Total",0
"07","Legislative","871","Autism Advisory Council","1283","2019","GF",6475
"07","Legislative","871","Autism Advisory Council","1283","2019","NGF",0
"07","Legislative","871","Autism Advisory Council","1283","2019","Total",6475
"07","Legislative","871","Autism Advisory Council","1283","2020","GF",6475
"07","Legislative","871","Autism Advisory Council","1283","2020","NGF",0
"07","Legislative","871","Autism Advisory Council","1283","2020","Total",6475
"07","Legislative","871","Autism Advisory Council","1","2021","GF",6350
"07","Legislative","871","Autism Advisory Council","1","2021","NGF",0
"07","Legislative","871","Autism Advisory Council","1","2021","Total",6350
"07","Legislative","871","Autism Advisory Council","1","2022","GF",6350
"07","Legislative","871","Autism Advisory Council","1","2022","NGF",0
"07","Legislative","871","Autism Advisory Council","1","2022","Total",6350
"07","Legislative","871","Autism Advisory Council","1","2023","GF",0
"07","Legislative","871","Autism Advisory Council","1","2023","NGF",0
"07","Legislative","871","Autism Advisory Council","1","2023","Total",0
"07","Legislative","871","Autism Advisory Council","1","2024","GF",0
"07","Legislative","871","Autism Advisory Council","1","2024","NGF",0
"07","Legislative","871","Autism Advisory Council","1","2024","Total",0
"07","Legislative","875","Joint Commission on Transportation Accountability","1283","2019","GF",28200
"07","Legislative","875","Joint Commission on Transportation Accountability","1283","2019","NGF",0
"07","Legislative","875","Joint Commission on Transportation Accountability","1283","2019","Total",28200
"07","Legislative","875","Joint Commission on Transportation Accountability","1283","2020","GF",28200
"07","Legislative","875","Joint Commission on Transportation Accountability","1283","2020","NGF",0
"07","Legislative","875","Joint Commission on Transportation Accountability","1283","2020","Total",28200
"07","Legislative","875","Joint Commission on Transportation Accountability","1","2021","GF",28267
"07","Legislative","875","Joint Commission on Transportation Accountability","1","2021","NGF",0
"07","Legislative","875","Joint Commission on Transportation Accountability","1","2021","Total",28267
"07","Legislative","875","Joint Commission on Transportation Accountability","1","2022","GF",28267
"07","Legislative","875","Joint Commission on Transportation Accountability","1","2022","NGF",0
"07","Legislative","875","Joint Commission on Transportation Accountability","1","2022","Total",28267
"07","Legislative","875","Joint Commission on Transportation Accountability","1","2023","GF",0
"07","Legislative","875","Joint Commission on Transportation Accountability","1","2023","NGF",0
"07","Legislative","875","Joint Commission on Transportation Accountability","1","2023","Total",0
"07","Legislative","875","Joint Commission on Transportation Accountability","1","2024","GF",0
"07","Legislative","875","Joint Commission on Transportation Accountability","1","2024","NGF",0
"07","Legislative","875","Joint Commission on Transportation Accountability","1","2024","Total",0
"07","Legislative","876","Virginia Conflict of Interest and Ethics Advisory Council","1283","2019","GF",598128
"07","Legislative","876","Virginia Conflict of Interest and Ethics Advisory Council","1283","2019","NGF",0
"07","Legislative","876","Virginia Conflict of Interest and Ethics Advisory Council","1283","2019","Total",598128
"07","Legislative","876","Virginia Conflict of Interest and Ethics Advisory Council","1283","2020","GF",598128
"07","Legislative","876","Virginia Conflict of Interest and Ethics Advisory Council","1283","2020","NGF",0
"07","Legislative","876","Virginia Conflict of Interest and Ethics Advisory Council","1283","2020","Total",598128
"07","Legislative","876","Virginia Conflict of Interest and Ethics Advisory Council","1","2021","GF",614724
"07","Legislative","876","Virginia Conflict of Interest and Ethics Advisory Council","1","2021","NGF",0
"07","Legislative","876","Virginia Conflict of Interest and Ethics Advisory Council","1","2021","Total",614724
"07","Legislative","876","Virginia Conflict of Interest and Ethics Advisory Council","1","2022","GF",614724
"07","Legislative","876","Virginia Conflict of Interest and Ethics Advisory Council","1","2022","NGF",0
"07","Legislative","876","Virginia Conflict of Interest and Ethics Advisory Council","1","2022","Total",614724
"07","Legislative","876","Virginia Conflict of Interest and Ethics Advisory Council","1","2023","GF",635143
"07","Legislative","876","Virginia Conflict of Interest and Ethics Advisory Council","1","2023","NGF",0
"07","Legislative","876","Virginia Conflict of Interest and Ethics Advisory Council","1","2023","Total",635143
"07","Legislative","876","Virginia Conflict of Interest and Ethics Advisory Council","1","2024","GF",688745
"07","Legislative","876","Virginia Conflict of Interest and Ethics Advisory Council","1","2024","NGF",0
"07","Legislative","876","Virginia Conflict of Interest and Ethics Advisory Council","1","2024","Total",688745
"07","Legislative","877","Commission on Economic Opportunity for Virginians in Aspiring and Diverse Communities","1283","2019","GF",10560
"07","Legislative","877","Commission on Economic Opportunity for Virginians in Aspiring and Diverse Communities","1283","2019","NGF",0
"07","Legislative","877","Commission on Economic Opportunity for Virginians in Aspiring and Diverse Communities","1283","2019","Total",10560
"07","Legislative","877","Commission on Economic Opportunity for Virginians in Aspiring and Diverse Communities","1283","2020","GF",10560
"07","Legislative","877","Commission on Economic Opportunity for Virginians in Aspiring and Diverse Communities","1283","2020","NGF",0
"07","Legislative","877","Commission on Economic Opportunity for Virginians in Aspiring and Diverse Communities","1283","2020","Total",10560
"07","Legislative","877","Commission on Economic Opportunity for Virginians in Aspiring and Diverse Communities","1","2021","GF",0
"07","Legislative","877","Commission on Economic Opportunity for Virginians in Aspiring and Diverse Communities","1","2021","NGF",0
"07","Legislative","877","Commission on Economic Opportunity for Virginians in Aspiring and Diverse Communities","1","2021","Total",0
"07","Legislative","877","Commission on Economic Opportunity for Virginians in Aspiring and Diverse Communities","1","2022","GF",0
"07","Legislative","877","Commission on Economic Opportunity for Virginians in Aspiring and Diverse Communities","1","2022","NGF",0
"07","Legislative","877","Commission on Economic Opportunity for Virginians in Aspiring and Diverse Communities","1","2022","Total",0
"07","Legislative","877","Commission on Economic Opportunity for Virginians in Aspiring and Diverse Communities","1","2023","GF",0
"07","Legislative","877","Commission on Economic Opportunity for Virginians in Aspiring and Diverse Communities","1","2023","NGF",0
"07","Legislative","877","Commission on Economic Opportunity for Virginians in Aspiring and Diverse Communities","1","2023","Total",0
"07","Legislative","877","Commission on Economic Opportunity for Virginians in Aspiring and Diverse Communities","1","2024","GF",0
"07","Legislative","877","Commission on Economic Opportunity for Virginians in Aspiring and Diverse Communities","1","2024","NGF",0
"07","Legislative","877","Commission on Economic Opportunity for Virginians in Aspiring and Diverse Communities","1","2024","Total",0
"07","Legislative","878","Commission to Evaluate Opportunity For Minority Business Expansion","1283","2019","GF",0
"07","Legislative","878","Commission to Evaluate Opportunity For Minority Business Expansion","1283","2019","NGF",0
"07","Legislative","878","Commission to Evaluate Opportunity For Minority Business Expansion","1283","2019","Total",0
"07","Legislative","878","Commission to Evaluate Opportunity For Minority Business Expansion","1283","2020","GF",0
"07","Legislative","878","Commission to Evaluate Opportunity For Minority Business Expansion","1283","2020","NGF",0
"07","Legislative","878","Commission to Evaluate Opportunity For Minority Business Expansion","1283","2020","Total",0
"07","Legislative","878","Commission to Evaluate Opportunity For Minority Business Expansion","1","2021","GF",20000
"07","Legislative","878","Commission to Evaluate Opportunity For Minority Business Expansion","1","2021","NGF",0
"07","Legislative","878","Commission to Evaluate Opportunity For Minority Business Expansion","1","2021","Total",20000
"07","Legislative","878","Commission to Evaluate Opportunity For Minority Business Expansion","1","2022","GF",20000
"07","Legislative","878","Commission to Evaluate Opportunity For Minority Business Expansion","1","2022","NGF",0
"07","Legislative","878","Commission to Evaluate Opportunity For Minority Business Expansion","1","2022","Total",20000
"07","Legislative","878","Commission to Evaluate Opportunity For Minority Business Expansion","1","2023","GF",0
"07","Legislative","878","Commission to Evaluate Opportunity For Minority Business Expansion","1","2023","NGF",0
"07","Legislative","878","Commission to Evaluate Opportunity For Minority Business Expansion","1","2023","Total",0
"07","Legislative","878","Commission to Evaluate Opportunity For Minority Business Expansion","1","2024","GF",0
"07","Legislative","878","Commission to Evaluate Opportunity For Minority Business Expansion","1","2024","NGF",0
"07","Legislative","878","Commission to Evaluate Opportunity For Minority Business Expansion","1","2024","Total",0
"07","Legislative","879","Commission on the May 31, 2019 Virginia Beach Mass Shooting","1283","2019","GF",0
"07","Legislative","879","Commission on the May 31, 2019 Virginia Beach Mass Shooting","1283","2019","NGF",0
"07","Legislative","879","Commission on the May 31, 2019 Virginia Beach Mass Shooting","1283","2019","Total",0
"07","Legislative","879","Commission on the May 31, 2019 Virginia Beach Mass Shooting","1283","2020","GF",0
"07","Legislative","879","Commission on the May 31, 2019 Virginia Beach Mass Shooting","1283","2020","NGF",0
"07","Legislative","879","Commission on the May 31, 2019 Virginia Beach Mass Shooting","1283","2020","Total",0
"07","Legislative","879","Commission on the May 31, 2019 Virginia Beach Mass Shooting","1","2021","GF",38504
"07","Legislative","879","Commission on the May 31, 2019 Virginia Beach Mass Shooting","1","2021","NGF",0
"07","Legislative","879","Commission on the May 31, 2019 Virginia Beach Mass Shooting","1","2021","Total",38504
"07","Legislative","879","Commission on the May 31, 2019 Virginia Beach Mass Shooting","1","2022","GF",38504
"07","Legislative","879","Commission on the May 31, 2019 Virginia Beach Mass Shooting","1","2022","NGF",0
"07","Legislative","879","Commission on the May 31, 2019 Virginia Beach Mass Shooting","1","2022","Total",38504
"07","Legislative","879","Commission on the May 31, 2019 Virginia Beach Mass Shooting","1","2023","GF",38504
"07","Legislative","879","Commission on the May 31, 2019 Virginia Beach Mass Shooting","1","2023","NGF",0
"07","Legislative","879","Commission on the May 31, 2019 Virginia Beach Mass Shooting","1","2023","Total",38504
"07","Legislative","879","Commission on the May 31, 2019 Virginia Beach Mass Shooting","1","2024","GF",38504
"07","Legislative","879","Commission on the May 31, 2019 Virginia Beach Mass Shooting","1","2024","NGF",0
"07","Legislative","879","Commission on the May 31, 2019 Virginia Beach Mass Shooting","1","2024","Total",38504
"07","Legislative","880","Commission to Study Slavery and Subsequent De Jure and De Facto Racial and Economic Discrimination A","1283","2019","GF",0
"07","Legislative","880","Commission to Study Slavery and Subsequent De Jure and De Facto Racial and Economic Discrimination A","1283","2019","NGF",0
"07","Legislative","880","Commission to Study Slavery and Subsequent De Jure and De Facto Racial and Economic Discrimination A","1283","2019","Total",0
"07","Legislative","880","Commission to Study Slavery and Subsequent De Jure and De Facto Racial and Economic Discrimination A","1283","2020","GF",0
"07","Legislative","880","Commission to Study Slavery and Subsequent De Jure and De Facto Racial and Economic Discrimination A","1283","2020","NGF",0
"07","Legislative","880","Commission to Study Slavery and Subsequent De Jure and De Facto Racial and Economic Discrimination A","1283","2020","Total",0
"07","Legislative","880","Commission to Study Slavery and Subsequent De Jure and De Facto Racial and Economic Discrimination A","1","2021","GF",141521
"07","Legislative","880","Commission to Study Slavery and Subsequent De Jure and De Facto Racial and Economic Discrimination A","1","2021","NGF",0
"07","Legislative","880","Commission to Study Slavery and Subsequent De Jure and De Facto Racial and Economic Discrimination A","1","2021","Total",141521
"07","Legislative","880","Commission to Study Slavery and Subsequent De Jure and De Facto Racial and Economic Discrimination A","1","2022","GF",94164
"07","Legislative","880","Commission to Study Slavery and Subsequent De Jure and De Facto Racial and Economic Discrimination A","1","2022","NGF",0
"07","Legislative","880","Commission to Study Slavery and Subsequent De Jure and De Facto Racial and Economic Discrimination A","1","2022","Total",94164
"07","Legislative","880","Commission to Study Slavery and Subsequent De Jure and De Facto Racial and Economic Discrimination A","1","2023","GF",94164
"07","Legislative","880","Commission to Study Slavery and Subsequent De Jure and De Facto Racial and Economic Discrimination A","1","2023","NGF",0
"07","Legislative","880","Commission to Study Slavery and Subsequent De Jure and De Facto Racial and Economic Discrimination A","1","2023","Total",94164
"07","Legislative","880","Commission to Study Slavery and Subsequent De Jure and De Facto Racial and Economic Discrimination A","1","2024","GF",94164
"07","Legislative","880","Commission to Study Slavery and Subsequent De Jure and De Facto Racial and Economic Discrimination A","1","2024","NGF",0
"07","Legislative","880","Commission to Study Slavery and Subsequent De Jure and De Facto Racial and Economic Discrimination A","1","2024","Total",94164
"07","Legislative","881","Commission on School Construction and Modernization","1283","2019","GF",0
"07","Legislative","881","Commission on School Construction and Modernization","1283","2019","NGF",0
"07","Legislative","881","Commission on School Construction and Modernization","1283","2019","Total",0
"07","Legislative","881","Commission on School Construction and Modernization","1283","2020","GF",0
"07","Legislative","881","Commission on School Construction and Modernization","1283","2020","NGF",0
"07","Legislative","881","Commission on School Construction and Modernization","1283","2020","Total",0
"07","Legislative","881","Commission on School Construction and Modernization","1","2021","GF",34340
"07","Legislative","881","Commission on School Construction and Modernization","1","2021","NGF",0
"07","Legislative","881","Commission on School Construction and Modernization","1","2021","Total",34340
"07","Legislative","881","Commission on School Construction and Modernization","1","2022","GF",34340
"07","Legislative","881","Commission on School Construction and Modernization","1","2022","NGF",0
"07","Legislative","881","Commission on School Construction and Modernization","1","2022","Total",34340
"07","Legislative","881","Commission on School Construction and Modernization","1","2023","GF",0
"07","Legislative","881","Commission on School Construction and Modernization","1","2023","NGF",0
"07","Legislative","881","Commission on School Construction and Modernization","1","2023","Total",0
"07","Legislative","881","Commission on School Construction and Modernization","1","2024","GF",0
"07","Legislative","881","Commission on School Construction and Modernization","1","2024","NGF",0
"07","Legislative","881","Commission on School Construction and Modernization","1","2024","Total",0
"07","Legislative","882","Behavioral Health Commission","1283","2019","GF",0
"07","Legislative","882","Behavioral Health Commission","1283","2019","NGF",0
"07","Legislative","882","Behavioral Health Commission","1283","2019","Total",0
"07","Legislative","882","Behavioral Health Commission","1283","2020","GF",0
"07","Legislative","882","Behavioral Health Commission","1283","2020","NGF",0
"07","Legislative","882","Behavioral Health Commission","1283","2020","Total",0
"07","Legislative","882","Behavioral Health Commission","1","2021","GF",0
"07","Legislative","882","Behavioral Health Commission","1","2021","NGF",0
"07","Legislative","882","Behavioral Health Commission","1","2021","Total",0
"07","Legislative","882","Behavioral Health Commission","1","2022","GF",348774
"07","Legislative","882","Behavioral Health Commission","1","2022","NGF",0
"07","Legislative","882","Behavioral Health Commission","1","2022","Total",348774
"07","Legislative","882","Behavioral Health Commission","1","2023","GF",608507
"07","Legislative","882","Behavioral Health Commission","1","2023","NGF",0
"07","Legislative","882","Behavioral Health Commission","1","2023","Total",608507
"07","Legislative","882","Behavioral Health Commission","1","2024","GF",608507
"07","Legislative","882","Behavioral Health Commission","1","2024","NGF",0
"07","Legislative","882","Behavioral Health Commission","1","2024","Total",608507
"07","Legislative","961","Division of Capitol Police","1283","2019","GF",10831214
"07","Legislative","961","Division of Capitol Police","1283","2019","NGF",0
"07","Legislative","961","Division of Capitol Police","1283","2019","Total",10831214
"07","Legislative","961","Division of Capitol Police","1283","2020","GF",11215214
"07","Legislative","961","Division of Capitol Police","1283","2020","NGF",0
"07","Legislative","961","Division of Capitol Police","1283","2020","Total",11215214
"07","Legislative","961","Division of Capitol Police","1","2021","GF",12559655
"07","Legislative","961","Division of Capitol Police","1","2021","NGF",0
"07","Legislative","961","Division of Capitol Police","1","2021","Total",12559655
"07","Legislative","961","Division of Capitol Police","1","2022","GF",14117831
"07","Legislative","961","Division of Capitol Police","1","2022","NGF",0
"07","Legislative","961","Division of Capitol Police","1","2022","Total",14117831
"07","Legislative","961","Division of Capitol Police","1","2023","GF",15438915
"07","Legislative","961","Division of Capitol Police","1","2023","NGF",0
"07","Legislative","961","Division of Capitol Police","1","2023","Total",15438915
"07","Legislative","961","Division of Capitol Police","1","2024","GF",15438915
"07","Legislative","961","Division of Capitol Police","1","2024","NGF",0
"07","Legislative","961","Division of Capitol Police","1","2024","Total",15438915
"07","Legislative","971","State Water Commission","1283","2019","GF",10245
"07","Legislative","971","State Water Commission","1283","2019","NGF",0
"07","Legislative","971","State Water Commission","1283","2019","Total",10245
"07","Legislative","971","State Water Commission","1283","2020","GF",10245
"07","Legislative","971","State Water Commission","1283","2020","NGF",0
"07","Legislative","971","State Water Commission","1283","2020","Total",10245
"07","Legislative","971","State Water Commission","1","2021","GF",10308
"07","Legislative","971","State Water Commission","1","2021","NGF",0
"07","Legislative","971","State Water Commission","1","2021","Total",10308
"07","Legislative","971","State Water Commission","1","2022","GF",10308
"07","Legislative","971","State Water Commission","1","2022","NGF",0
"07","Legislative","971","State Water Commission","1","2022","Total",10308
"07","Legislative","971","State Water Commission","1","2023","GF",0
"07","Legislative","971","State Water Commission","1","2023","NGF",0
"07","Legislative","971","State Water Commission","1","2023","Total",0
"07","Legislative","971","State Water Commission","1","2024","GF",0
"07","Legislative","971","State Water Commission","1","2024","NGF",0
"07","Legislative","971","State Water Commission","1","2024","Total",0
"08","Judicial","103","Magistrate System","1283","2019","GF",33859000
"08","Judicial","103","Magistrate System","1283","2019","NGF",0
"08","Judicial","103","Magistrate System","1283","2019","Total",33859000
"08","Judicial","103","Magistrate System","1283","2020","GF",33859000
"08","Judicial","103","Magistrate System","1283","2020","NGF",0
"08","Judicial","103","Magistrate System","1283","2020","Total",33859000
"08","Judicial","103","Magistrate System","1","2021","GF",35364272
"08","Judicial","103","Magistrate System","1","2021","NGF",0
"08","Judicial","103","Magistrate System","1","2021","Total",35364272
"08","Judicial","103","Magistrate System","1","2022","GF",32747182
"08","Judicial","103","Magistrate System","1","2022","NGF",0
"08","Judicial","103","Magistrate System","1","2022","Total",32747182
"08","Judicial","103","Magistrate System","1","2023","GF",38333727
"08","Judicial","103","Magistrate System","1","2023","NGF",0
"08","Judicial","103","Magistrate System","1","2023","Total",38333727
"08","Judicial","103","Magistrate System","1","2024","GF",38528011
"08","Judicial","103","Magistrate System","1","2024","NGF",0
"08","Judicial","103","Magistrate System","1","2024","Total",38528011
"08","Judicial","111","Supreme Court","1283","2019","GF",39826809
"08","Judicial","111","Supreme Court","1283","2019","NGF",9278976
"08","Judicial","111","Supreme Court","1283","2019","Total",49105785
"08","Judicial","111","Supreme Court","1283","2020","GF",40115097
"08","Judicial","111","Supreme Court","1283","2020","NGF",9278976
"08","Judicial","111","Supreme Court","1283","2020","Total",49394073
"08","Judicial","111","Supreme Court","1","2021","GF",41402783
"08","Judicial","111","Supreme Court","1","2021","NGF",10452248
"08","Judicial","111","Supreme Court","1","2021","Total",51855031
"08","Judicial","111","Supreme Court","1","2022","GF",50219954
"08","Judicial","111","Supreme Court","1","2022","NGF",10452248
"08","Judicial","111","Supreme Court","1","2022","Total",60672202
"08","Judicial","111","Supreme Court","1","2023","GF",53939686
"08","Judicial","111","Supreme Court","1","2023","NGF",10476004
"08","Judicial","111","Supreme Court","1","2023","Total",64415690
"08","Judicial","111","Supreme Court","1","2024","GF",53935981
"08","Judicial","111","Supreme Court","1","2024","NGF",10476004
"08","Judicial","111","Supreme Court","1","2024","Total",64411985
"08","Judicial","112","Judicial Inquiry and Review Commission","1283","2019","GF",656142
"08","Judicial","112","Judicial Inquiry and Review Commission","1283","2019","NGF",0
"08","Judicial","112","Judicial Inquiry and Review Commission","1283","2019","Total",656142
"08","Judicial","112","Judicial Inquiry and Review Commission","1283","2020","GF",656142
"08","Judicial","112","Judicial Inquiry and Review Commission","1283","2020","NGF",0
"08","Judicial","112","Judicial Inquiry and Review Commission","1283","2020","Total",656142
"08","Judicial","112","Judicial Inquiry and Review Commission","1","2021","GF",678657
"08","Judicial","112","Judicial Inquiry and Review Commission","1","2021","NGF",0
"08","Judicial","112","Judicial Inquiry and Review Commission","1","2021","Total",678657
"08","Judicial","112","Judicial Inquiry and Review Commission","1","2022","GF",678657
"08","Judicial","112","Judicial Inquiry and Review Commission","1","2022","NGF",0
"08","Judicial","112","Judicial Inquiry and Review Commission","1","2022","Total",678657
"08","Judicial","112","Judicial Inquiry and Review Commission","1","2023","GF",707601
"08","Judicial","112","Judicial Inquiry and Review Commission","1","2023","NGF",0
"08","Judicial","112","Judicial Inquiry and Review Commission","1","2023","Total",707601
"08","Judicial","112","Judicial Inquiry and Review Commission","1","2024","GF",707601
"08","Judicial","112","Judicial Inquiry and Review Commission","1","2024","NGF",0
"08","Judicial","112","Judicial Inquiry and Review Commission","1","2024","Total",707601
"08","Judicial","113","Circuit Courts","1283","2019","GF",113971455
"08","Judicial","113","Circuit Courts","1283","2019","NGF",5000
"08","Judicial","113","Circuit Courts","1283","2019","Total",113976455
"08","Judicial","113","Circuit Courts","1283","2020","GF",117019675
"08","Judicial","113","Circuit Courts","1283","2020","NGF",5000
"08","Judicial","113","Circuit Courts","1283","2020","Total",117024675
"08","Judicial","113","Circuit Courts","1","2021","GF",114248355
"08","Judicial","113","Circuit Courts","1","2021","NGF",0
"08","Judicial","113","Circuit Courts","1","2021","Total",114248355
"08","Judicial","113","Circuit Courts","1","2022","GF",112174403
"08","Judicial","113","Circuit Courts","1","2022","NGF",0
"08","Judicial","113","Circuit Courts","1","2022","Total",112174403
"08","Judicial","113","Circuit Courts","1","2023","GF",114175390
"08","Judicial","113","Circuit Courts","1","2023","NGF",0
"08","Judicial","113","Circuit Courts","1","2023","Total",114175390
"08","Judicial","113","Circuit Courts","1","2024","GF",114999326
"08","Judicial","113","Circuit Courts","1","2024","NGF",0
"08","Judicial","113","Circuit Courts","1","2024","Total",114999326
"08","Judicial","114","General District Courts","1283","2019","GF",117958469
"08","Judicial","114","General District Courts","1283","2019","NGF",0
"08","Judicial","114","General District Courts","1283","2019","Total",117958469
"08","Judicial","114","General District Courts","1283","2020","GF",122587475
"08","Judicial","114","General District Courts","1283","2020","NGF",0
"08","Judicial","114","General District Courts","1283","2020","Total",122587475
"08","Judicial","114","General District Courts","1","2021","GF",125069372
"08","Judicial","114","General District Courts","1","2021","NGF",0
"08","Judicial","114","General District Courts","1","2021","Total",125069372
"08","Judicial","114","General District Courts","1","2022","GF",128310347
"08","Judicial","114","General District Courts","1","2022","NGF",0
"08","Judicial","114","General District Courts","1","2022","Total",128310347
"08","Judicial","114","General District Courts","1","2023","GF",143605277
"08","Judicial","114","General District Courts","1","2023","NGF",0
"08","Judicial","114","General District Courts","1","2023","Total",143605277
"08","Judicial","114","General District Courts","1","2024","GF",145832882
"08","Judicial","114","General District Courts","1","2024","NGF",0
"08","Judicial","114","General District Courts","1","2024","Total",145832882
"08","Judicial","115","Juvenile and Domestic Relations District Courts","1283","2019","GF",98711729
"08","Judicial","115","Juvenile and Domestic Relations District Courts","1283","2019","NGF",0
"08","Judicial","115","Juvenile and Domestic Relations District Courts","1283","2019","Total",98711729
"08","Judicial","115","Juvenile and Domestic Relations District Courts","1283","2020","GF",104926739
"08","Judicial","115","Juvenile and Domestic Relations District Courts","1283","2020","NGF",0
"08","Judicial","115","Juvenile and Domestic Relations District Courts","1283","2020","Total",104926739
"08","Judicial","115","Juvenile and Domestic Relations District Courts","1","2021","GF",107875063
"08","Judicial","115","Juvenile and Domestic Relations District Courts","1","2021","NGF",0
"08","Judicial","115","Juvenile and Domestic Relations District Courts","1","2021","Total",107875063
"08","Judicial","115","Juvenile and Domestic Relations District Courts","1","2022","GF",106848692
"08","Judicial","115","Juvenile and Domestic Relations District Courts","1","2022","NGF",0
"08","Judicial","115","Juvenile and Domestic Relations District Courts","1","2022","Total",106848692
"08","Judicial","115","Juvenile and Domestic Relations District Courts","1","2023","GF",109065565
"08","Judicial","115","Juvenile and Domestic Relations District Courts","1","2023","NGF",0
"08","Judicial","115","Juvenile and Domestic Relations District Courts","1","2023","Total",109065565
"08","Judicial","115","Juvenile and Domestic Relations District Courts","1","2024","GF",109383832
"08","Judicial","115","Juvenile and Domestic Relations District Courts","1","2024","NGF",0
"08","Judicial","115","Juvenile and Domestic Relations District Courts","1","2024","Total",109383832
"08","Judicial","116","Combined District Courts","1283","2019","GF",23744526
"08","Judicial","116","Combined District Courts","1283","2019","NGF",0
"08","Judicial","116","Combined District Courts","1283","2019","Total",23744526
"08","Judicial","116","Combined District Courts","1283","2020","GF",23744526
"08","Judicial","116","Combined District Courts","1283","2020","NGF",0
"08","Judicial","116","Combined District Courts","1283","2020","Total",23744526
"08","Judicial","116","Combined District Courts","1","2021","GF",24133853
"08","Judicial","116","Combined District Courts","1","2021","NGF",0
"08","Judicial","116","Combined District Courts","1","2021","Total",24133853
"08","Judicial","116","Combined District Courts","1","2022","GF",23136034
"08","Judicial","116","Combined District Courts","1","2022","NGF",0
"08","Judicial","116","Combined District Courts","1","2022","Total",23136034
"08","Judicial","116","Combined District Courts","1","2023","GF",23659622
"08","Judicial","116","Combined District Courts","1","2023","NGF",0
"08","Judicial","116","Combined District Courts","1","2023","Total",23659622
"08","Judicial","116","Combined District Courts","1","2024","GF",23742459
"08","Judicial","116","Combined District Courts","1","2024","NGF",0
"08","Judicial","116","Combined District Courts","1","2024","Total",23742459
"08","Judicial","117","Virginia State Bar","1283","2019","GF",4791473
"08","Judicial","117","Virginia State Bar","1283","2019","NGF",22590451
"08","Judicial","117","Virginia State Bar","1283","2019","Total",27381924
"08","Judicial","117","Virginia State Bar","1283","2020","GF",6066473
"08","Judicial","117","Virginia State Bar","1283","2020","NGF",22590451
"08","Judicial","117","Virginia State Bar","1283","2020","Total",28656924
"08","Judicial","117","Virginia State Bar","1","2021","GF",6071912
"08","Judicial","117","Virginia State Bar","1","2021","NGF",25071191
"08","Judicial","117","Virginia State Bar","1","2021","Total",31143103
"08","Judicial","117","Virginia State Bar","1","2022","GF",7571912
"08","Judicial","117","Virginia State Bar","1","2022","NGF",25071191
"08","Judicial","117","Virginia State Bar","1","2022","Total",32643103
"08","Judicial","117","Virginia State Bar","1","2023","GF",9224120
"08","Judicial","117","Virginia State Bar","1","2023","NGF",25577764
"08","Judicial","117","Virginia State Bar","1","2023","Total",34801884
"08","Judicial","117","Virginia State Bar","1","2024","GF",9224120
"08","Judicial","117","Virginia State Bar","1","2024","NGF",25577764
"08","Judicial","117","Virginia State Bar","1","2024","Total",34801884
"08","Judicial","125","Court of Appeals of Virginia","1283","2019","GF",9753238
"08","Judicial","125","Court of Appeals of Virginia","1283","2019","NGF",0
"08","Judicial","125","Court of Appeals of Virginia","1283","2019","Total",9753238
"08","Judicial","125","Court of Appeals of Virginia","1283","2020","GF",9753238
"08","Judicial","125","Court of Appeals of Virginia","1283","2020","NGF",0
"08","Judicial","125","Court of Appeals of Virginia","1283","2020","Total",9753238
"08","Judicial","125","Court of Appeals of Virginia","1","2021","GF",11012737
"08","Judicial","125","Court of Appeals of Virginia","1","2021","NGF",0
"08","Judicial","125","Court of Appeals of Virginia","1","2021","Total",11012737
"08","Judicial","125","Court of Appeals of Virginia","1","2022","GF",18197264
"08","Judicial","125","Court of Appeals of Virginia","1","2022","NGF",0
"08","Judicial","125","Court of Appeals of Virginia","1","2022","Total",18197264
"08","Judicial","125","Court of Appeals of Virginia","1","2023","GF",18236792
"08","Judicial","125","Court of Appeals of Virginia","1","2023","NGF",0
"08","Judicial","125","Court of Appeals of Virginia","1","2023","Total",18236792
"08","Judicial","125","Court of Appeals of Virginia","1","2024","GF",18418251
"08","Judicial","125","Court of Appeals of Virginia","1","2024","NGF",0
"08","Judicial","125","Court of Appeals of Virginia","1","2024","Total",18418251
"08","Judicial","160","Virginia Criminal Sentencing Commission","1283","2019","GF",1126340
"08","Judicial","160","Virginia Criminal Sentencing Commission","1283","2019","NGF",70031
"08","Judicial","160","Virginia Criminal Sentencing Commission","1283","2019","Total",1196371
"08","Judicial","160","Virginia Criminal Sentencing Commission","1283","2020","GF",1126340
"08","Judicial","160","Virginia Criminal Sentencing Commission","1283","2020","NGF",70031
"08","Judicial","160","Virginia Criminal Sentencing Commission","1283","2020","Total",1196371
"08","Judicial","160","Virginia Criminal Sentencing Commission","1","2021","GF",1170582
"08","Judicial","160","Virginia Criminal Sentencing Commission","1","2021","NGF",70069
"08","Judicial","160","Virginia Criminal Sentencing Commission","1","2021","Total",1240651
"08","Judicial","160","Virginia Criminal Sentencing Commission","1","2022","GF",1503782
"08","Judicial","160","Virginia Criminal Sentencing Commission","1","2022","NGF",70069
"08","Judicial","160","Virginia Criminal Sentencing Commission","1","2022","Total",1573851
"08","Judicial","160","Virginia Criminal Sentencing Commission","1","2023","GF",1555977
"08","Judicial","160","Virginia Criminal Sentencing Commission","1","2023","NGF",70069
"08","Judicial","160","Virginia Criminal Sentencing Commission","1","2023","Total",1626046
"08","Judicial","160","Virginia Criminal Sentencing Commission","1","2024","GF",1616277
"08","Judicial","160","Virginia Criminal Sentencing Commission","1","2024","NGF",70069
"08","Judicial","160","Virginia Criminal Sentencing Commission","1","2024","Total",1686346
"08","Judicial","233","Board of Bar Examiners","1283","2019","GF",0
"08","Judicial","233","Board of Bar Examiners","1283","2019","NGF",1716606
"08","Judicial","233","Board of Bar Examiners","1283","2019","Total",1716606
"08","Judicial","233","Board of Bar Examiners","1283","2020","GF",0
"08","Judicial","233","Board of Bar Examiners","1283","2020","NGF",1716606
"08","Judicial","233","Board of Bar Examiners","1283","2020","Total",1716606
"08","Judicial","233","Board of Bar Examiners","1","2021","GF",0
"08","Judicial","233","Board of Bar Examiners","1","2021","NGF",1762384
"08","Judicial","233","Board of Bar Examiners","1","2021","Total",1762384
"08","Judicial","233","Board of Bar Examiners","1","2022","GF",0
"08","Judicial","233","Board of Bar Examiners","1","2022","NGF",1762384
"08","Judicial","233","Board of Bar Examiners","1","2022","Total",1762384
"08","Judicial","233","Board of Bar Examiners","1","2023","GF",0
"08","Judicial","233","Board of Bar Examiners","1","2023","NGF",1820982
"08","Judicial","233","Board of Bar Examiners","1","2023","Total",1820982
"08","Judicial","233","Board of Bar Examiners","1","2024","GF",0
"08","Judicial","233","Board of Bar Examiners","1","2024","NGF",1820982
"08","Judicial","233","Board of Bar Examiners","1","2024","Total",1820982
"08","Judicial","848","Indigent Defense Commission","1283","2019","GF",51286554
"08","Judicial","848","Indigent Defense Commission","1283","2019","NGF",12000
"08","Judicial","848","Indigent Defense Commission","1283","2019","Total",51298554
"08","Judicial","848","Indigent Defense Commission","1283","2020","GF",51922158
"08","Judicial","848","Indigent Defense Commission","1283","2020","NGF",12000
"08","Judicial","848","Indigent Defense Commission","1283","2020","Total",51934158
"08","Judicial","848","Indigent Defense Commission","1","2021","GF",58388463
"08","Judicial","848","Indigent Defense Commission","1","2021","NGF",11980
"08","Judicial","848","Indigent Defense Commission","1","2021","Total",58400443
"08","Judicial","848","Indigent Defense Commission","1","2022","GF",66195546
"08","Judicial","848","Indigent Defense Commission","1","2022","NGF",11980
"08","Judicial","848","Indigent Defense Commission","1","2022","Total",66207526
"08","Judicial","848","Indigent Defense Commission","1","2023","GF",69524320
"08","Judicial","848","Indigent Defense Commission","1","2023","NGF",11980
"08","Judicial","848","Indigent Defense Commission","1","2023","Total",69536300
"08","Judicial","848","Indigent Defense Commission","1","2024","GF",73237246
"08","Judicial","848","Indigent Defense Commission","1","2024","NGF",11980
"08","Judicial","848","Indigent Defense Commission","1","2024","Total",73249226
"09","Transportation","154","Department of Motor Vehicles","1283","2019","GF",0
"09","Transportation","154","Department of Motor Vehicles","1283","2019","NGF",296111488
"09","Transportation","154","Department of Motor Vehicles","1283","2019","Total",296111488
"09","Transportation","154","Department of Motor Vehicles","1283","2020","GF",0
"09","Transportation","154","Department of Motor Vehicles","1283","2020","NGF",293572006
"09","Transportation","154","Department of Motor Vehicles","1283","2020","Total",293572006
"09","Transportation","154","Department of Motor Vehicles","1","2021","GF",0
"09","Transportation","154","Department of Motor Vehicles","1","2021","NGF",315532483
"09","Transportation","154","Department of Motor Vehicles","1","2021","Total",315532483
"09","Transportation","154","Department of Motor Vehicles","1","2022","GF",0
"09","Transportation","154","Department of Motor Vehicles","1","2022","NGF",319532483
"09","Transportation","154","Department of Motor Vehicles","1","2022","Total",319532483
"09","Transportation","154","Department of Motor Vehicles","1","2023","GF",0
"09","Transportation","154","Department of Motor Vehicles","1","2023","NGF",324011106
"09","Transportation","154","Department of Motor Vehicles","1","2023","Total",324011106
"09","Transportation","154","Department of Motor Vehicles","1","2024","GF",0
"09","Transportation","154","Department of Motor Vehicles","1","2024","NGF",323616656
"09","Transportation","154","Department of Motor Vehicles","1","2024","Total",323616656
"09","Transportation","186","Secretary of Transportation","1283","2019","GF",0
"09","Transportation","186","Secretary of Transportation","1283","2019","NGF",916840
"09","Transportation","186","Secretary of Transportation","1283","2019","Total",916840
"09","Transportation","186","Secretary of Transportation","1283","2020","GF",0
"09","Transportation","186","Secretary of Transportation","1283","2020","NGF",916840
"09","Transportation","186","Secretary of Transportation","1283","2020","Total",916840
"09","Transportation","186","Secretary of Transportation","1","2021","GF",0
"09","Transportation","186","Secretary of Transportation","1","2021","NGF",953895
"09","Transportation","186","Secretary of Transportation","1","2021","Total",953895
"09","Transportation","186","Secretary of Transportation","1","2022","GF",0
"09","Transportation","186","Secretary of Transportation","1","2022","NGF",953895
"09","Transportation","186","Secretary of Transportation","1","2022","Total",953895
"09","Transportation","186","Secretary of Transportation","1","2023","GF",0
"09","Transportation","186","Secretary of Transportation","1","2023","NGF",1023114
"09","Transportation","186","Secretary of Transportation","1","2023","Total",1023114
"09","Transportation","186","Secretary of Transportation","1","2024","GF",0
"09","Transportation","186","Secretary of Transportation","1","2024","NGF",1023114
"09","Transportation","186","Secretary of Transportation","1","2024","Total",1023114
"09","Transportation","407","Virginia Port Authority","1283","2019","GF",1e+06
"09","Transportation","407","Virginia Port Authority","1283","2019","NGF",217317547
"09","Transportation","407","Virginia Port Authority","1283","2019","Total",218317547
"09","Transportation","407","Virginia Port Authority","1283","2020","GF",1e+06
"09","Transportation","407","Virginia Port Authority","1283","2020","NGF",222083808
"09","Transportation","407","Virginia Port Authority","1283","2020","Total",223083808
"09","Transportation","407","Virginia Port Authority","1","2021","GF",0
"09","Transportation","407","Virginia Port Authority","1","2021","NGF",246826544
"09","Transportation","407","Virginia Port Authority","1","2021","Total",246826544
"09","Transportation","407","Virginia Port Authority","1","2022","GF",0
"09","Transportation","407","Virginia Port Authority","1","2022","NGF",255281160
"09","Transportation","407","Virginia Port Authority","1","2022","Total",255281160
"09","Transportation","407","Virginia Port Authority","1","2023","GF",0
"09","Transportation","407","Virginia Port Authority","1","2023","NGF",280355992
"09","Transportation","407","Virginia Port Authority","1","2023","Total",280355992
"09","Transportation","407","Virginia Port Authority","1","2024","GF",0
"09","Transportation","407","Virginia Port Authority","1","2024","NGF",290769867
"09","Transportation","407","Virginia Port Authority","1","2024","Total",290769867
"09","Transportation","501","Department of Transportation","1283","2019","GF",4e+07
"09","Transportation","501","Department of Transportation","1283","2019","NGF",6755395381
"09","Transportation","501","Department of Transportation","1283","2019","Total",6795395381
"09","Transportation","501","Department of Transportation","1283","2020","GF",4e+07
"09","Transportation","501","Department of Transportation","1283","2020","NGF",7225463560
"09","Transportation","501","Department of Transportation","1283","2020","Total",7265463560
"09","Transportation","501","Department of Transportation","1","2021","GF",0
"09","Transportation","501","Department of Transportation","1","2021","NGF",7954349249
"09","Transportation","501","Department of Transportation","1","2021","Total",7954349249
"09","Transportation","501","Department of Transportation","1","2022","GF",342496000
"09","Transportation","501","Department of Transportation","1","2022","NGF",8716811902
"09","Transportation","501","Department of Transportation","1","2022","Total",9059307902
"09","Transportation","501","Department of Transportation","1","2023","GF",51504000
"09","Transportation","501","Department of Transportation","1","2023","NGF",8047419262
"09","Transportation","501","Department of Transportation","1","2023","Total",8098923262
"09","Transportation","501","Department of Transportation","1","2024","GF",2.6e+08
"09","Transportation","501","Department of Transportation","1","2024","NGF",8190322412
"09","Transportation","501","Department of Transportation","1","2024","Total",8450322412
"09","Transportation","503","Department of Transportation Transfer Payments","1283","2019","GF",0
"09","Transportation","503","Department of Transportation Transfer Payments","1283","2019","NGF",0
"09","Transportation","503","Department of Transportation Transfer Payments","1283","2019","Total",0
"09","Transportation","503","Department of Transportation Transfer Payments","1283","2020","GF",0
"09","Transportation","503","Department of Transportation Transfer Payments","1283","2020","NGF",0
"09","Transportation","503","Department of Transportation Transfer Payments","1283","2020","Total",0
"09","Transportation","503","Department of Transportation Transfer Payments","1","2021","GF",0
"09","Transportation","503","Department of Transportation Transfer Payments","1","2021","NGF",0
"09","Transportation","503","Department of Transportation Transfer Payments","1","2021","Total",0
"09","Transportation","503","Department of Transportation Transfer Payments","1","2022","GF",0
"09","Transportation","503","Department of Transportation Transfer Payments","1","2022","NGF",0
"09","Transportation","503","Department of Transportation Transfer Payments","1","2022","Total",0
"09","Transportation","503","Department of Transportation Transfer Payments","1","2023","GF",0
"09","Transportation","503","Department of Transportation Transfer Payments","1","2023","NGF",884465897
"09","Transportation","503","Department of Transportation Transfer Payments","1","2023","Total",884465897
"09","Transportation","503","Department of Transportation Transfer Payments","1","2024","GF",0
"09","Transportation","503","Department of Transportation Transfer Payments","1","2024","NGF",905989412
"09","Transportation","503","Department of Transportation Transfer Payments","1","2024","Total",905989412
"09","Transportation","505","Department of Rail and Public Transportation","1283","2019","GF",0
"09","Transportation","505","Department of Rail and Public Transportation","1283","2019","NGF",590493113
"09","Transportation","505","Department of Rail and Public Transportation","1283","2019","Total",590493113
"09","Transportation","505","Department of Rail and Public Transportation","1283","2020","GF",0
"09","Transportation","505","Department of Rail and Public Transportation","1283","2020","NGF",590493113
"09","Transportation","505","Department of Rail and Public Transportation","1283","2020","Total",590493113
"09","Transportation","505","Department of Rail and Public Transportation","1","2021","GF",0
"09","Transportation","505","Department of Rail and Public Transportation","1","2021","NGF",862250555
"09","Transportation","505","Department of Rail and Public Transportation","1","2021","Total",862250555
"09","Transportation","505","Department of Rail and Public Transportation","1","2022","GF",0
"09","Transportation","505","Department of Rail and Public Transportation","1","2022","NGF",935455316
"09","Transportation","505","Department of Rail and Public Transportation","1","2022","Total",935455316
"09","Transportation","505","Department of Rail and Public Transportation","1","2023","GF",0
"09","Transportation","505","Department of Rail and Public Transportation","1","2023","NGF",858432414
"09","Transportation","505","Department of Rail and Public Transportation","1","2023","Total",858432414
"09","Transportation","505","Department of Rail and Public Transportation","1","2024","GF",0
"09","Transportation","505","Department of Rail and Public Transportation","1","2024","NGF",864402978
"09","Transportation","505","Department of Rail and Public Transportation","1","2024","Total",864402978
"09","Transportation","506","Motor Vehicle Dealer Board","1283","2019","GF",0
"09","Transportation","506","Motor Vehicle Dealer Board","1283","2019","NGF",2974972
"09","Transportation","506","Motor Vehicle Dealer Board","1283","2019","Total",2974972
"09","Transportation","506","Motor Vehicle Dealer Board","1283","2020","GF",0
"09","Transportation","506","Motor Vehicle Dealer Board","1283","2020","NGF",3061297
"09","Transportation","506","Motor Vehicle Dealer Board","1283","2020","Total",3061297
"09","Transportation","506","Motor Vehicle Dealer Board","1","2021","GF",0
"09","Transportation","506","Motor Vehicle Dealer Board","1","2021","NGF",3237894
"09","Transportation","506","Motor Vehicle Dealer Board","1","2021","Total",3237894
"09","Transportation","506","Motor Vehicle Dealer Board","1","2022","GF",0
"09","Transportation","506","Motor Vehicle Dealer Board","1","2022","NGF",3237894
"09","Transportation","506","Motor Vehicle Dealer Board","1","2022","Total",3237894
"09","Transportation","506","Motor Vehicle Dealer Board","1","2023","GF",0
"09","Transportation","506","Motor Vehicle Dealer Board","1","2023","NGF",3291294
"09","Transportation","506","Motor Vehicle Dealer Board","1","2023","Total",3291294
"09","Transportation","506","Motor Vehicle Dealer Board","1","2024","GF",0
"09","Transportation","506","Motor Vehicle Dealer Board","1","2024","NGF",3291294
"09","Transportation","506","Motor Vehicle Dealer Board","1","2024","Total",3291294
"09","Transportation","509","Virginia Commercial Space Flight Authority","1283","2019","GF",0
"09","Transportation","509","Virginia Commercial Space Flight Authority","1283","2019","NGF",15800000
"09","Transportation","509","Virginia Commercial Space Flight Authority","1283","2019","Total",15800000
"09","Transportation","509","Virginia Commercial Space Flight Authority","1283","2020","GF",0
"09","Transportation","509","Virginia Commercial Space Flight Authority","1283","2020","NGF",15800000
"09","Transportation","509","Virginia Commercial Space Flight Authority","1283","2020","Total",15800000
"09","Transportation","509","Virginia Commercial Space Flight Authority","1","2021","GF",0
"09","Transportation","509","Virginia Commercial Space Flight Authority","1","2021","NGF",25300000
"09","Transportation","509","Virginia Commercial Space Flight Authority","1","2021","Total",25300000
"09","Transportation","509","Virginia Commercial Space Flight Authority","1","2022","GF",0
"09","Transportation","509","Virginia Commercial Space Flight Authority","1","2022","NGF",2.1e+07
"09","Transportation","509","Virginia Commercial Space Flight Authority","1","2022","Total",2.1e+07
"09","Transportation","509","Virginia Commercial Space Flight Authority","1","2023","GF",0
"09","Transportation","509","Virginia Commercial Space Flight Authority","1","2023","NGF",23380866
"09","Transportation","509","Virginia Commercial Space Flight Authority","1","2023","Total",23380866
"09","Transportation","509","Virginia Commercial Space Flight Authority","1","2024","GF",0
"09","Transportation","509","Virginia Commercial Space Flight Authority","1","2024","NGF",21848572
"09","Transportation","509","Virginia Commercial Space Flight Authority","1","2024","Total",21848572
"09","Transportation","522","Virginia Passenger Rail Authority","1283","2019","GF",0
"09","Transportation","522","Virginia Passenger Rail Authority","1283","2019","NGF",0
"09","Transportation","522","Virginia Passenger Rail Authority","1283","2019","Total",0
"09","Transportation","522","Virginia Passenger Rail Authority","1283","2020","GF",0
"09","Transportation","522","Virginia Passenger Rail Authority","1283","2020","NGF",0
"09","Transportation","522","Virginia Passenger Rail Authority","1283","2020","Total",0
"09","Transportation","522","Virginia Passenger Rail Authority","1","2021","GF",0
"09","Transportation","522","Virginia Passenger Rail Authority","1","2021","NGF",0
"09","Transportation","522","Virginia Passenger Rail Authority","1","2021","Total",0
"09","Transportation","522","Virginia Passenger Rail Authority","1","2022","GF",0
"09","Transportation","522","Virginia Passenger Rail Authority","1","2022","NGF",0
"09","Transportation","522","Virginia Passenger Rail Authority","1","2022","Total",0
"09","Transportation","522","Virginia Passenger Rail Authority","1","2023","GF",0
"09","Transportation","522","Virginia Passenger Rail Authority","1","2023","NGF",341267073
"09","Transportation","522","Virginia Passenger Rail Authority","1","2023","Total",341267073
"09","Transportation","522","Virginia Passenger Rail Authority","1","2024","GF",0
"09","Transportation","522","Virginia Passenger Rail Authority","1","2024","NGF",274075784
"09","Transportation","522","Virginia Passenger Rail Authority","1","2024","Total",274075784
"09","Transportation","530","Department of Motor Vehicles Transfer Payments","1283","2019","GF",0
"09","Transportation","530","Department of Motor Vehicles Transfer Payments","1283","2019","NGF",183646529
"09","Transportation","530","Department of Motor Vehicles Transfer Payments","1283","2019","Total",183646529
"09","Transportation","530","Department of Motor Vehicles Transfer Payments","1283","2020","GF",0
"09","Transportation","530","Department of Motor Vehicles Transfer Payments","1283","2020","NGF",185846529
"09","Transportation","530","Department of Motor Vehicles Transfer Payments","1283","2020","Total",185846529
"09","Transportation","530","Department of Motor Vehicles Transfer Payments","1","2021","GF",0
"09","Transportation","530","Department of Motor Vehicles Transfer Payments","1","2021","NGF",232939638
"09","Transportation","530","Department of Motor Vehicles Transfer Payments","1","2021","Total",232939638
"09","Transportation","530","Department of Motor Vehicles Transfer Payments","1","2022","GF",0
"09","Transportation","530","Department of Motor Vehicles Transfer Payments","1","2022","NGF",237252346
"09","Transportation","530","Department of Motor Vehicles Transfer Payments","1","2022","Total",237252346
"09","Transportation","530","Department of Motor Vehicles Transfer Payments","1","2023","GF",0
"09","Transportation","530","Department of Motor Vehicles Transfer Payments","1","2023","NGF",132846529
"09","Transportation","530","Department of Motor Vehicles Transfer Payments","1","2023","Total",132846529
"09","Transportation","530","Department of Motor Vehicles Transfer Payments","1","2024","GF",0
"09","Transportation","530","Department of Motor Vehicles Transfer Payments","1","2024","NGF",132846529
"09","Transportation","530","Department of Motor Vehicles Transfer Payments","1","2024","Total",132846529
"09","Transportation","841","Department of Aviation","1283","2019","GF",30246
"09","Transportation","841","Department of Aviation","1283","2019","NGF",35841747
"09","Transportation","841","Department of Aviation","1283","2019","Total",35871993
"09","Transportation","841","Department of Aviation","1283","2020","GF",30246
"09","Transportation","841","Department of Aviation","1283","2020","NGF",35901693
"09","Transportation","841","Department of Aviation","1283","2020","Total",35931939
"09","Transportation","841","Department of Aviation","1","2021","GF",30246
"09","Transportation","841","Department of Aviation","1","2021","NGF",39956624
"09","Transportation","841","Department of Aviation","1","2021","Total",39986870
"09","Transportation","841","Department of Aviation","1","2022","GF",30246
"09","Transportation","841","Department of Aviation","1","2022","NGF",42762179
"09","Transportation","841","Department of Aviation","1","2022","Total",42792425
"09","Transportation","841","Department of Aviation","1","2023","GF",30246
"09","Transportation","841","Department of Aviation","1","2023","NGF",50494768
"09","Transportation","841","Department of Aviation","1","2023","Total",50525014
"09","Transportation","841","Department of Aviation","1","2024","GF",30246
"09","Transportation","841","Department of Aviation","1","2024","NGF",42303093
"09","Transportation","841","Department of Aviation","1","2024","Total",42333339
"10","Central Appropriations","995","Central Appropriations","1283","2019","GF",87776606
"10","Central Appropriations","995","Central Appropriations","1283","2019","NGF",122853721
"10","Central Appropriations","995","Central Appropriations","1283","2019","Total",210630327
"10","Central Appropriations","995","Central Appropriations","1283","2020","GF",344190723
"10","Central Appropriations","995","Central Appropriations","1283","2020","NGF",122853721
"10","Central Appropriations","995","Central Appropriations","1283","2020","Total",467044444
"10","Central Appropriations","995","Central Appropriations","1","2021","GF",-9023428
"10","Central Appropriations","995","Central Appropriations","1","2021","NGF",72853721
"10","Central Appropriations","995","Central Appropriations","1","2021","Total",63830293
"10","Central Appropriations","995","Central Appropriations","1","2022","GF",336159327
"10","Central Appropriations","995","Central Appropriations","1","2022","NGF",9268622446
"10","Central Appropriations","995","Central Appropriations","1","2022","Total",9604781773
"10","Central Appropriations","995","Central Appropriations","1","2023","GF",451066949
"10","Central Appropriations","995","Central Appropriations","1","2023","NGF",1128512166
"10","Central Appropriations","995","Central Appropriations","1","2023","Total",1579579115
"10","Central Appropriations","995","Central Appropriations","1","2024","GF",810464782
"10","Central Appropriations","995","Central Appropriations","1","2024","NGF",246066854
"10","Central Appropriations","995","Central Appropriations","1","2024","Total",1056531636
"11","Independent Agencies","158","Virginia Retirement System","1283","2019","GF",185137
"11","Independent Agencies","158","Virginia Retirement System","1283","2019","NGF",95658527
"11","Independent Agencies","158","Virginia Retirement System","1283","2019","Total",95843664
"11","Independent Agencies","158","Virginia Retirement System","1283","2020","GF",80000
"11","Independent Agencies","158","Virginia Retirement System","1283","2020","NGF",94641369
"11","Independent Agencies","158","Virginia Retirement System","1283","2020","Total",94721369
"11","Independent Agencies","158","Virginia Retirement System","1","2021","GF",80000
"11","Independent Agencies","158","Virginia Retirement System","1","2021","NGF",105612181
"11","Independent Agencies","158","Virginia Retirement System","1","2021","Total",105692181
"11","Independent Agencies","158","Virginia Retirement System","1","2022","GF",80000
"11","Independent Agencies","158","Virginia Retirement System","1","2022","NGF",106022679
"11","Independent Agencies","158","Virginia Retirement System","1","2022","Total",106102679
"11","Independent Agencies","158","Virginia Retirement System","1","2023","GF",80000
"11","Independent Agencies","158","Virginia Retirement System","1","2023","NGF",118759019
"11","Independent Agencies","158","Virginia Retirement System","1","2023","Total",118839019
"11","Independent Agencies","158","Virginia Retirement System","1","2024","GF",80000
"11","Independent Agencies","158","Virginia Retirement System","1","2024","NGF",121234034
"11","Independent Agencies","158","Virginia Retirement System","1","2024","Total",121314034
"11","Independent Agencies","171","State Corporation Commission","1283","2019","GF",101278
"11","Independent Agencies","171","State Corporation Commission","1283","2019","NGF",107319117
"11","Independent Agencies","171","State Corporation Commission","1283","2019","Total",107420395
"11","Independent Agencies","171","State Corporation Commission","1283","2020","GF",101278
"11","Independent Agencies","171","State Corporation Commission","1283","2020","NGF",109979950
"11","Independent Agencies","171","State Corporation Commission","1283","2020","Total",110081228
"11","Independent Agencies","171","State Corporation Commission","1","2021","GF",453671
"11","Independent Agencies","171","State Corporation Commission","1","2021","NGF",124074925
"11","Independent Agencies","171","State Corporation Commission","1","2021","Total",124528596
"11","Independent Agencies","171","State Corporation Commission","1","2022","GF",103671
"11","Independent Agencies","171","State Corporation Commission","1","2022","NGF",147563259
"11","Independent Agencies","171","State Corporation Commission","1","2022","Total",147666930
"11","Independent Agencies","171","State Corporation Commission","1","2023","GF",107562
"11","Independent Agencies","171","State Corporation Commission","1","2023","NGF",155930611
"11","Independent Agencies","171","State Corporation Commission","1","2023","Total",156038173
"11","Independent Agencies","171","State Corporation Commission","1","2024","GF",20522719
"11","Independent Agencies","171","State Corporation Commission","1","2024","NGF",152070611
"11","Independent Agencies","171","State Corporation Commission","1","2024","Total",172593330
"11","Independent Agencies","172","Virginia Lottery","1283","2019","GF",0
"11","Independent Agencies","172","Virginia Lottery","1283","2019","NGF",462279472
"11","Independent Agencies","172","Virginia Lottery","1283","2019","Total",462279472
"11","Independent Agencies","172","Virginia Lottery","1283","2020","GF",0
"11","Independent Agencies","172","Virginia Lottery","1283","2020","NGF",452661539
"11","Independent Agencies","172","Virginia Lottery","1283","2020","Total",452661539
"11","Independent Agencies","172","Virginia Lottery","1","2021","GF",0
"11","Independent Agencies","172","Virginia Lottery","1","2021","NGF",483130670
"11","Independent Agencies","172","Virginia Lottery","1","2021","Total",483130670
"11","Independent Agencies","172","Virginia Lottery","1","2022","GF",0
"11","Independent Agencies","172","Virginia Lottery","1","2022","NGF",469830670
"11","Independent Agencies","172","Virginia Lottery","1","2022","Total",469830670
"11","Independent Agencies","172","Virginia Lottery","1","2023","GF",0
"11","Independent Agencies","172","Virginia Lottery","1","2023","NGF",536725080
"11","Independent Agencies","172","Virginia Lottery","1","2023","Total",536725080
"11","Independent Agencies","172","Virginia Lottery","1","2024","GF",0
"11","Independent Agencies","172","Virginia Lottery","1","2024","NGF",541510004
"11","Independent Agencies","172","Virginia Lottery","1","2024","Total",541510004
"11","Independent Agencies","174","Commonwealth Savers Plan","1283","2019","GF",0
"11","Independent Agencies","174","Commonwealth Savers Plan","1283","2019","NGF",280517037
"11","Independent Agencies","174","Commonwealth Savers Plan","1283","2019","Total",280517037
"11","Independent Agencies","174","Commonwealth Savers Plan","1283","2020","GF",0
"11","Independent Agencies","174","Commonwealth Savers Plan","1283","2020","NGF",280120929
"11","Independent Agencies","174","Commonwealth Savers Plan","1283","2020","Total",280120929
"11","Independent Agencies","174","Commonwealth Savers Plan","1","2021","GF",0
"11","Independent Agencies","174","Commonwealth Savers Plan","1","2021","NGF",285933169
"11","Independent Agencies","174","Commonwealth Savers Plan","1","2021","Total",285933169
"11","Independent Agencies","174","Commonwealth Savers Plan","1","2022","GF",0
"11","Independent Agencies","174","Commonwealth Savers Plan","1","2022","NGF",287084735
"11","Independent Agencies","174","Commonwealth Savers Plan","1","2022","Total",287084735
"11","Independent Agencies","174","Commonwealth Savers Plan","1","2023","GF",0
"11","Independent Agencies","174","Commonwealth Savers Plan","1","2023","NGF",292585338
"11","Independent Agencies","174","Commonwealth Savers Plan","1","2023","Total",292585338
"11","Independent Agencies","174","Commonwealth Savers Plan","1","2024","GF",0
"11","Independent Agencies","174","Commonwealth Savers Plan","1","2024","NGF",294270249
"11","Independent Agencies","174","Commonwealth Savers Plan","1","2024","Total",294270249
"11","Independent Agencies","191","Virginia Workers' Compensation Commission","1283","2019","GF",0
"11","Independent Agencies","191","Virginia Workers' Compensation Commission","1283","2019","NGF",49087238
"11","Independent Agencies","191","Virginia Workers' Compensation Commission","1283","2019","Total",49087238
"11","Independent Agencies","191","Virginia Workers' Compensation Commission","1283","2020","GF",0
"11","Independent Agencies","191","Virginia Workers' Compensation Commission","1283","2020","NGF",50518877
"11","Independent Agencies","191","Virginia Workers' Compensation Commission","1283","2020","Total",50518877
"11","Independent Agencies","191","Virginia Workers' Compensation Commission","1","2021","GF",1885000
"11","Independent Agencies","191","Virginia Workers' Compensation Commission","1","2021","NGF",51246607
"11","Independent Agencies","191","Virginia Workers' Compensation Commission","1","2021","Total",53131607
"11","Independent Agencies","191","Virginia Workers' Compensation Commission","1","2022","GF",2660000
"11","Independent Agencies","191","Virginia Workers' Compensation Commission","1","2022","NGF",51205607
"11","Independent Agencies","191","Virginia Workers' Compensation Commission","1","2022","Total",53865607
"11","Independent Agencies","191","Virginia Workers' Compensation Commission","1","2023","GF",6593576
"11","Independent Agencies","191","Virginia Workers' Compensation Commission","1","2023","NGF",52667193
"11","Independent Agencies","191","Virginia Workers' Compensation Commission","1","2023","Total",59260769
"11","Independent Agencies","191","Virginia Workers' Compensation Commission","1","2024","GF",6593576
"11","Independent Agencies","191","Virginia Workers' Compensation Commission","1","2024","NGF",52667193
"11","Independent Agencies","191","Virginia Workers' Compensation Commission","1","2024","Total",59260769
"12","Administration","129","Department of Human Resource Management","1283","2019","GF",5207112
"12","Administration","129","Department of Human Resource Management","1283","2019","NGF",97893714
"12","Administration","129","Department of Human Resource Management","1283","2019","Total",103100826
"12","Administration","129","Department of Human Resource Management","1283","2020","GF",5679300
"12","Administration","129","Department of Human Resource Management","1283","2020","NGF",102397280
"12","Administration","129","Department of Human Resource Management","1283","2020","Total",108076580
"12","Administration","129","Department of Human Resource Management","1","2021","GF",5143817
"12","Administration","129","Department of Human Resource Management","1","2021","NGF",103341397
"12","Administration","129","Department of Human Resource Management","1","2021","Total",108485214
"12","Administration","129","Department of Human Resource Management","1","2022","GF",6517174
"12","Administration","129","Department of Human Resource Management","1","2022","NGF",103147490
"12","Administration","129","Department of Human Resource Management","1","2022","Total",109664664
"12","Administration","129","Department of Human Resource Management","1","2023","GF",8438334
"12","Administration","129","Department of Human Resource Management","1","2023","NGF",108019504
"12","Administration","129","Department of Human Resource Management","1","2023","Total",116457838
"12","Administration","129","Department of Human Resource Management","1","2024","GF",7542572
"12","Administration","129","Department of Human Resource Management","1","2024","NGF",107785491
"12","Administration","129","Department of Human Resource Management","1","2024","Total",115328063
"12","Administration","132","Department of Elections","1283","2019","GF",18022372
"12","Administration","132","Department of Elections","1283","2019","NGF",52250
"12","Administration","132","Department of Elections","1283","2019","Total",18074622
"12","Administration","132","Department of Elections","1283","2020","GF",18872451
"12","Administration","132","Department of Elections","1283","2020","NGF",13227961
"12","Administration","132","Department of Elections","1283","2020","Total",32100412
"12","Administration","132","Department of Elections","1","2021","GF",38816790
"12","Administration","132","Department of Elections","1","2021","NGF",3052250
"12","Administration","132","Department of Elections","1","2021","Total",41869040
"12","Administration","132","Department of Elections","1","2022","GF",23676592
"12","Administration","132","Department of Elections","1","2022","NGF",3052250
"12","Administration","132","Department of Elections","1","2022","Total",26728842
"12","Administration","132","Department of Elections","1","2023","GF",28533455
"12","Administration","132","Department of Elections","1","2023","NGF",3052250
"12","Administration","132","Department of Elections","1","2023","Total",31585705
"12","Administration","132","Department of Elections","1","2024","GF",26339663
"12","Administration","132","Department of Elections","1","2024","NGF",3052250
"12","Administration","132","Department of Elections","1","2024","Total",29391913
"12","Administration","136","Virginia Information Technologies Agency","1283","2019","GF",425164
"12","Administration","136","Virginia Information Technologies Agency","1283","2019","NGF",413259662
"12","Administration","136","Virginia Information Technologies Agency","1283","2019","Total",413684826
"12","Administration","136","Virginia Information Technologies Agency","1283","2020","GF",425164
"12","Administration","136","Virginia Information Technologies Agency","1283","2020","NGF",354811767
"12","Administration","136","Virginia Information Technologies Agency","1283","2020","Total",355236931
"12","Administration","136","Virginia Information Technologies Agency","1","2021","GF",282252
"12","Administration","136","Virginia Information Technologies Agency","1","2021","NGF",346614663
"12","Administration","136","Virginia Information Technologies Agency","1","2021","Total",346896915
"12","Administration","136","Virginia Information Technologies Agency","1","2022","GF",282252
"12","Administration","136","Virginia Information Technologies Agency","1","2022","NGF",395694836
"12","Administration","136","Virginia Information Technologies Agency","1","2022","Total",395977088
"12","Administration","136","Virginia Information Technologies Agency","1","2023","GF",5212464
"12","Administration","136","Virginia Information Technologies Agency","1","2023","NGF",504001094
"12","Administration","136","Virginia Information Technologies Agency","1","2023","Total",509213558
"12","Administration","136","Virginia Information Technologies Agency","1","2024","GF",291064
"12","Administration","136","Virginia Information Technologies Agency","1","2024","NGF",487916140
"12","Administration","136","Virginia Information Technologies Agency","1","2024","Total",488207204
"12","Administration","149","Administration of Health Insurance","1283","2019","GF",0
"12","Administration","149","Administration of Health Insurance","1283","2019","NGF",2085446067
"12","Administration","149","Administration of Health Insurance","1283","2019","Total",2085446067
"12","Administration","149","Administration of Health Insurance","1283","2020","GF",0
"12","Administration","149","Administration of Health Insurance","1283","2020","NGF",2110446067
"12","Administration","149","Administration of Health Insurance","1283","2020","Total",2110446067
"12","Administration","149","Administration of Health Insurance","1","2021","GF",0
"12","Administration","149","Administration of Health Insurance","1","2021","NGF",2197071067
"12","Administration","149","Administration of Health Insurance","1","2021","Total",2197071067
"12","Administration","149","Administration of Health Insurance","1","2022","GF",0
"12","Administration","149","Administration of Health Insurance","1","2022","NGF",2301071067
"12","Administration","149","Administration of Health Insurance","1","2022","Total",2301071067
"12","Administration","149","Administration of Health Insurance","1","2023","GF",0
"12","Administration","149","Administration of Health Insurance","1","2023","NGF",2301071067
"12","Administration","149","Administration of Health Insurance","1","2023","Total",2301071067
"12","Administration","149","Administration of Health Insurance","1","2024","GF",0
"12","Administration","149","Administration of Health Insurance","1","2024","NGF",2301071067
"12","Administration","149","Administration of Health Insurance","1","2024","Total",2301071067
"12","Administration","157","Compensation Board","1283","2019","GF",688855417
"12","Administration","157","Compensation Board","1283","2019","NGF",16855064
"12","Administration","157","Compensation Board","1283","2019","Total",705710481
"12","Administration","157","Compensation Board","1283","2020","GF",691521444
"12","Administration","157","Compensation Board","1283","2020","NGF",16600712
"12","Administration","157","Compensation Board","1283","2020","Total",708122156
"12","Administration","157","Compensation Board","1","2021","GF",718465692
"12","Administration","157","Compensation Board","1","2021","NGF",16606228
"12","Administration","157","Compensation Board","1","2021","Total",735071920
"12","Administration","157","Compensation Board","1","2022","GF",729827525
"12","Administration","157","Compensation Board","1","2022","NGF",16606228
"12","Administration","157","Compensation Board","1","2022","Total",746433753
"12","Administration","157","Compensation Board","1","2023","GF",810012233
"12","Administration","157","Compensation Board","1","2023","NGF",16595878
"12","Administration","157","Compensation Board","1","2023","Total",826608111
"12","Administration","157","Compensation Board","1","2024","GF",824712847
"12","Administration","157","Compensation Board","1","2024","NGF",16595878
"12","Administration","157","Compensation Board","1","2024","Total",841308725
"12","Administration","164","Virginia Management Fellows Program Administration","1283","2019","GF",0
"12","Administration","164","Virginia Management Fellows Program Administration","1283","2019","NGF",0
"12","Administration","164","Virginia Management Fellows Program Administration","1283","2019","Total",0
"12","Administration","164","Virginia Management Fellows Program Administration","1283","2020","GF",0
"12","Administration","164","Virginia Management Fellows Program Administration","1283","2020","NGF",0
"12","Administration","164","Virginia Management Fellows Program Administration","1283","2020","Total",0
"12","Administration","164","Virginia Management Fellows Program Administration","1","2021","GF",1479339
"12","Administration","164","Virginia Management Fellows Program Administration","1","2021","NGF",0
"12","Administration","164","Virginia Management Fellows Program Administration","1","2021","Total",1479339
"12","Administration","164","Virginia Management Fellows Program Administration","1","2022","GF",1479339
"12","Administration","164","Virginia Management Fellows Program Administration","1","2022","NGF",0
"12","Administration","164","Virginia Management Fellows Program Administration","1","2022","Total",1479339
"12","Administration","164","Virginia Management Fellows Program Administration","1","2023","GF",1513961
"12","Administration","164","Virginia Management Fellows Program Administration","1","2023","NGF",0
"12","Administration","164","Virginia Management Fellows Program Administration","1","2023","Total",1513961
"12","Administration","164","Virginia Management Fellows Program Administration","1","2024","GF",1513961
"12","Administration","164","Virginia Management Fellows Program Administration","1","2024","NGF",0
"12","Administration","164","Virginia Management Fellows Program Administration","1","2024","Total",1513961
"12","Administration","180","Secretary of Administration","1283","2019","GF",2438191
"12","Administration","180","Secretary of Administration","1283","2019","NGF",0
"12","Administration","180","Secretary of Administration","1283","2019","Total",2438191
"12","Administration","180","Secretary of Administration","1283","2020","GF",1685650
"12","Administration","180","Secretary of Administration","1283","2020","NGF",0
"12","Administration","180","Secretary of Administration","1283","2020","Total",1685650
"12","Administration","180","Secretary of Administration","1","2021","GF",1753686
"12","Administration","180","Secretary of Administration","1","2021","NGF",2602000
"12","Administration","180","Secretary of Administration","1","2021","Total",4355686
"12","Administration","180","Secretary of Administration","1","2022","GF",1753686
"12","Administration","180","Secretary of Administration","1","2022","NGF",2602000
"12","Administration","180","Secretary of Administration","1","2022","Total",4355686
"12","Administration","180","Secretary of Administration","1","2023","GF",1854596
"12","Administration","180","Secretary of Administration","1","2023","NGF",4652000
"12","Administration","180","Secretary of Administration","1","2023","Total",6506596
"12","Administration","180","Secretary of Administration","1","2024","GF",1854596
"12","Administration","180","Secretary of Administration","1","2024","NGF",5252000
"12","Administration","180","Secretary of Administration","1","2024","Total",7106596
"12","Administration","194","Department of General Services","1283","2019","GF",21193500
"12","Administration","194","Department of General Services","1283","2019","NGF",222014975
"12","Administration","194","Department of General Services","1283","2019","Total",243208475
"12","Administration","194","Department of General Services","1283","2020","GF",21882941
"12","Administration","194","Department of General Services","1283","2020","NGF",225746620
"12","Administration","194","Department of General Services","1283","2020","Total",247629561
"12","Administration","194","Department of General Services","1","2021","GF",26385532
"12","Administration","194","Department of General Services","1","2021","NGF",237151051
"12","Administration","194","Department of General Services","1","2021","Total",263536583
"12","Administration","194","Department of General Services","1","2022","GF",25624963
"12","Administration","194","Department of General Services","1","2022","NGF",239723629
"12","Administration","194","Department of General Services","1","2022","Total",265348592
"12","Administration","194","Department of General Services","1","2023","GF",30724655
"12","Administration","194","Department of General Services","1","2023","NGF",244374866
"12","Administration","194","Department of General Services","1","2023","Total",275099521
"12","Administration","194","Department of General Services","1","2024","GF",30947829
"12","Administration","194","Department of General Services","1","2024","NGF",245436372
"12","Administration","194","Department of General Services","1","2024","Total",276384201
"13","Finance","122","Department of Planning and Budget","1283","2019","GF",7963865
"13","Finance","122","Department of Planning and Budget","1283","2019","NGF",0
"13","Finance","122","Department of Planning and Budget","1283","2019","Total",7963865
"13","Finance","122","Department of Planning and Budget","1283","2020","GF",8015465
"13","Finance","122","Department of Planning and Budget","1283","2020","NGF",0
"13","Finance","122","Department of Planning and Budget","1283","2020","Total",8015465
"13","Finance","122","Department of Planning and Budget","1","2021","GF",8651148
"13","Finance","122","Department of Planning and Budget","1","2021","NGF",0
"13","Finance","122","Department of Planning and Budget","1","2021","Total",8651148
"13","Finance","122","Department of Planning and Budget","1","2022","GF",8651148
"13","Finance","122","Department of Planning and Budget","1","2022","NGF",0
"13","Finance","122","Department of Planning and Budget","1","2022","Total",8651148
"13","Finance","122","Department of Planning and Budget","1","2023","GF",8497158
"13","Finance","122","Department of Planning and Budget","1","2023","NGF",0
"13","Finance","122","Department of Planning and Budget","1","2023","Total",8497158
"13","Finance","122","Department of Planning and Budget","1","2024","GF",8497158
"13","Finance","122","Department of Planning and Budget","1","2024","NGF",0
"13","Finance","122","Department of Planning and Budget","1","2024","Total",8497158
"13","Finance","151","Department of Accounts","1283","2019","GF",13493096
"13","Finance","151","Department of Accounts","1283","2019","NGF",28104053
"13","Finance","151","Department of Accounts","1283","2019","Total",41597149
"13","Finance","151","Department of Accounts","1283","2020","GF",13493096
"13","Finance","151","Department of Accounts","1283","2020","NGF",28861261
"13","Finance","151","Department of Accounts","1283","2020","Total",42354357
"13","Finance","151","Department of Accounts","1","2021","GF",13572366
"13","Finance","151","Department of Accounts","1","2021","NGF",29783994
"13","Finance","151","Department of Accounts","1","2021","Total",43356360
"13","Finance","151","Department of Accounts","1","2022","GF",13407366
"13","Finance","151","Department of Accounts","1","2022","NGF",39516151
"13","Finance","151","Department of Accounts","1","2022","Total",52923517
"13","Finance","151","Department of Accounts","1","2023","GF",14057680
"13","Finance","151","Department of Accounts","1","2023","NGF",54197156
"13","Finance","151","Department of Accounts","1","2023","Total",68254836
"13","Finance","151","Department of Accounts","1","2024","GF",14057680
"13","Finance","151","Department of Accounts","1","2024","NGF",57783606
"13","Finance","151","Department of Accounts","1","2024","Total",71841286
"13","Finance","152","Department of the Treasury","1283","2019","GF",11432877
"13","Finance","152","Department of the Treasury","1283","2019","NGF",38453465
"13","Finance","152","Department of the Treasury","1283","2019","Total",49886342
"13","Finance","152","Department of the Treasury","1283","2020","GF",9481059
"13","Finance","152","Department of the Treasury","1283","2020","NGF",38457891
"13","Finance","152","Department of the Treasury","1283","2020","Total",47938950
"13","Finance","152","Department of the Treasury","1","2021","GF",8327408
"13","Finance","152","Department of the Treasury","1","2021","NGF",41966549
"13","Finance","152","Department of the Treasury","1","2021","Total",50293957
"13","Finance","152","Department of the Treasury","1","2022","GF",8326657
"13","Finance","152","Department of the Treasury","1","2022","NGF",42076549
"13","Finance","152","Department of the Treasury","1","2022","Total",50403206
"13","Finance","152","Department of the Treasury","1","2023","GF",15518923
"13","Finance","152","Department of the Treasury","1","2023","NGF",55075139
"13","Finance","152","Department of the Treasury","1","2023","Total",70594062
"13","Finance","152","Department of the Treasury","1","2024","GF",10002935
"13","Finance","152","Department of the Treasury","1","2024","NGF",55100226
"13","Finance","152","Department of the Treasury","1","2024","Total",65103161
"13","Finance","155","Treasury Board","1283","2019","GF",735190499
"13","Finance","155","Treasury Board","1283","2019","NGF",47741436
"13","Finance","155","Treasury Board","1283","2019","Total",782931935
"13","Finance","155","Treasury Board","1283","2020","GF",764913338
"13","Finance","155","Treasury Board","1283","2020","NGF",46938123
"13","Finance","155","Treasury Board","1283","2020","Total",811851461
"13","Finance","155","Treasury Board","1","2021","GF",815557436
"13","Finance","155","Treasury Board","1","2021","NGF",38600746
"13","Finance","155","Treasury Board","1","2021","Total",854158182
"13","Finance","155","Treasury Board","1","2022","GF",853483113
"13","Finance","155","Treasury Board","1","2022","NGF",38049214
"13","Finance","155","Treasury Board","1","2022","Total",891532327
"13","Finance","155","Treasury Board","1","2023","GF",954233341
"13","Finance","155","Treasury Board","1","2023","NGF",37571715
"13","Finance","155","Treasury Board","1","2023","Total",991805056
"13","Finance","155","Treasury Board","1","2024","GF",973117692
"13","Finance","155","Treasury Board","1","2024","NGF",36810619
"13","Finance","155","Treasury Board","1","2024","Total",1009928311
"13","Finance","161","Department of Taxation","1283","2019","GF",101948266
"13","Finance","161","Department of Taxation","1283","2019","NGF",12310705
"13","Finance","161","Department of Taxation","1283","2019","Total",114258971
"13","Finance","161","Department of Taxation","1283","2020","GF",101457127
"13","Finance","161","Department of Taxation","1283","2020","NGF",12267283
"13","Finance","161","Department of Taxation","1283","2020","Total",113724410
"13","Finance","161","Department of Taxation","1","2021","GF",107110104
"13","Finance","161","Department of Taxation","1","2021","NGF",12482691
"13","Finance","161","Department of Taxation","1","2021","Total",119592795
"13","Finance","161","Department of Taxation","1","2022","GF",108592426
"13","Finance","161","Department of Taxation","1","2022","NGF",12482691
"13","Finance","161","Department of Taxation","1","2022","Total",121075117
"13","Finance","161","Department of Taxation","1","2023","GF",110235175
"13","Finance","161","Department of Taxation","1","2023","NGF",12511087
"13","Finance","161","Department of Taxation","1","2023","Total",122746262
"13","Finance","161","Department of Taxation","1","2024","GF",110562948
"13","Finance","161","Department of Taxation","1","2024","NGF",12511087
"13","Finance","161","Department of Taxation","1","2024","Total",123074035
"13","Finance","162","Department of Accounts Transfer Payments","1283","2019","GF",1341622895
"13","Finance","162","Department of Accounts Transfer Payments","1283","2019","NGF",557930925
"13","Finance","162","Department of Accounts Transfer Payments","1283","2019","Total",1899553820
"13","Finance","162","Department of Accounts Transfer Payments","1283","2020","GF",1261836731
"13","Finance","162","Department of Accounts Transfer Payments","1283","2020","NGF",585961960
"13","Finance","162","Department of Accounts Transfer Payments","1283","2020","Total",1847798691
"13","Finance","162","Department of Accounts Transfer Payments","1","2021","GF",1495332411
"13","Finance","162","Department of Accounts Transfer Payments","1","2021","NGF",588180330
"13","Finance","162","Department of Accounts Transfer Payments","1","2021","Total",2083512741
"13","Finance","162","Department of Accounts Transfer Payments","1","2022","GF",2877595000
"13","Finance","162","Department of Accounts Transfer Payments","1","2022","NGF",588400824
"13","Finance","162","Department of Accounts Transfer Payments","1","2022","Total",3465995824
"13","Finance","162","Department of Accounts Transfer Payments","1","2023","GF",2358113028
"13","Finance","162","Department of Accounts Transfer Payments","1","2023","NGF",588400824
"13","Finance","162","Department of Accounts Transfer Payments","1","2023","Total",2946513852
"13","Finance","162","Department of Accounts Transfer Payments","1","2024","GF",1675917865
"13","Finance","162","Department of Accounts Transfer Payments","1","2024","NGF",588400824
"13","Finance","162","Department of Accounts Transfer Payments","1","2024","Total",2264318689
"13","Finance","190","Secretary of Finance","1283","2019","GF",667595
"13","Finance","190","Secretary of Finance","1283","2019","NGF",0
"13","Finance","190","Secretary of Finance","1283","2019","Total",667595
"13","Finance","190","Secretary of Finance","1283","2020","GF",667595
"13","Finance","190","Secretary of Finance","1283","2020","NGF",0
"13","Finance","190","Secretary of Finance","1283","2020","Total",667595
"13","Finance","190","Secretary of Finance","1","2021","GF",685384
"13","Finance","190","Secretary of Finance","1","2021","NGF",0
"13","Finance","190","Secretary of Finance","1","2021","Total",685384
"13","Finance","190","Secretary of Finance","1","2022","GF",685384
"13","Finance","190","Secretary of Finance","1","2022","NGF",0
"13","Finance","190","Secretary of Finance","1","2022","Total",685384
"13","Finance","190","Secretary of Finance","1","2023","GF",1229925
"13","Finance","190","Secretary of Finance","1","2023","NGF",0
"13","Finance","190","Secretary of Finance","1","2023","Total",1229925
"13","Finance","190","Secretary of Finance","1","2024","GF",729925
"13","Finance","190","Secretary of Finance","1","2024","NGF",0
"13","Finance","190","Secretary of Finance","1","2024","Total",729925
"13","Finance","226","Board of Accountancy","1283","2019","GF",0
"13","Finance","226","Board of Accountancy","1283","2019","NGF",2476080
"13","Finance","226","Board of Accountancy","1283","2019","Total",2476080
"13","Finance","226","Board of Accountancy","1283","2020","GF",0
"13","Finance","226","Board of Accountancy","1283","2020","NGF",2104195
"13","Finance","226","Board of Accountancy","1283","2020","Total",2104195
"13","Finance","226","Board of Accountancy","1","2021","GF",0
"13","Finance","226","Board of Accountancy","1","2021","NGF",2328158
"13","Finance","226","Board of Accountancy","1","2021","Total",2328158
"13","Finance","226","Board of Accountancy","1","2022","GF",0
"13","Finance","226","Board of Accountancy","1","2022","NGF",2328158
"13","Finance","226","Board of Accountancy","1","2022","Total",2328158
"13","Finance","226","Board of Accountancy","1","2023","GF",0
"13","Finance","226","Board of Accountancy","1","2023","NGF",2767913
"13","Finance","226","Board of Accountancy","1","2023","Total",2767913
"13","Finance","226","Board of Accountancy","1","2024","GF",0
"13","Finance","226","Board of Accountancy","1","2024","NGF",2767913
"13","Finance","226","Board of Accountancy","1","2024","Total",2767913
"15","Natural and Historic Resources","183","Secretary of Natural and Historic Resources","1283","2019","GF",609254
"15","Natural and Historic Resources","183","Secretary of Natural and Historic Resources","1283","2019","NGF",102699
"15","Natural and Historic Resources","183","Secretary of Natural and Historic Resources","1283","2019","Total",711953
"15","Natural and Historic Resources","183","Secretary of Natural and Historic Resources","1283","2020","GF",609254
"15","Natural and Historic Resources","183","Secretary of Natural and Historic Resources","1283","2020","NGF",102699
"15","Natural and Historic Resources","183","Secretary of Natural and Historic Resources","1283","2020","Total",711953
"15","Natural and Historic Resources","183","Secretary of Natural and Historic Resources","1","2021","GF",640939
"15","Natural and Historic Resources","183","Secretary of Natural and Historic Resources","1","2021","NGF",107492
"15","Natural and Historic Resources","183","Secretary of Natural and Historic Resources","1","2021","Total",748431
"15","Natural and Historic Resources","183","Secretary of Natural and Historic Resources","1","2022","GF",640939
"15","Natural and Historic Resources","183","Secretary of Natural and Historic Resources","1","2022","NGF",107492
"15","Natural and Historic Resources","183","Secretary of Natural and Historic Resources","1","2022","Total",748431
"15","Natural and Historic Resources","183","Secretary of Natural and Historic Resources","1","2023","GF",669542
"15","Natural and Historic Resources","183","Secretary of Natural and Historic Resources","1","2023","NGF",113698
"15","Natural and Historic Resources","183","Secretary of Natural and Historic Resources","1","2023","Total",783240
"15","Natural and Historic Resources","183","Secretary of Natural and Historic Resources","1","2024","GF",1169542
"15","Natural and Historic Resources","183","Secretary of Natural and Historic Resources","1","2024","NGF",113698
"15","Natural and Historic Resources","183","Secretary of Natural and Historic Resources","1","2024","Total",1283240
"15","Natural and Historic Resources","199","Department of Conservation and Recreation","1283","2019","GF",79394004
"15","Natural and Historic Resources","199","Department of Conservation and Recreation","1283","2019","NGF",55161596
"15","Natural and Historic Resources","199","Department of Conservation and Recreation","1283","2019","Total",134555600
"15","Natural and Historic Resources","199","Department of Conservation and Recreation","1283","2020","GF",134961754
"15","Natural and Historic Resources","199","Department of Conservation and Recreation","1283","2020","NGF",55046852
"15","Natural and Historic Resources","199","Department of Conservation and Recreation","1283","2020","Total",190008606
"15","Natural and Historic Resources","199","Department of Conservation and Recreation","1","2021","GF",133055585
"15","Natural and Historic Resources","199","Department of Conservation and Recreation","1","2021","NGF",57858814
"15","Natural and Historic Resources","199","Department of Conservation and Recreation","1","2021","Total",190914399
"15","Natural and Historic Resources","199","Department of Conservation and Recreation","1","2022","GF",152961045
"15","Natural and Historic Resources","199","Department of Conservation and Recreation","1","2022","NGF",58058814
"15","Natural and Historic Resources","199","Department of Conservation and Recreation","1","2022","Total",211019859
"15","Natural and Historic Resources","199","Department of Conservation and Recreation","1","2023","GF",431138368
"15","Natural and Historic Resources","199","Department of Conservation and Recreation","1","2023","NGF",172452771
"15","Natural and Historic Resources","199","Department of Conservation and Recreation","1","2023","Total",603591139
"15","Natural and Historic Resources","199","Department of Conservation and Recreation","1","2024","GF",556564758
"15","Natural and Historic Resources","199","Department of Conservation and Recreation","1","2024","NGF",146799665
"15","Natural and Historic Resources","199","Department of Conservation and Recreation","1","2024","Total",703364423
"15","Natural and Historic Resources","402","Marine Resources Commission","1283","2019","GF",14237535
"15","Natural and Historic Resources","402","Marine Resources Commission","1283","2019","NGF",12539413
"15","Natural and Historic Resources","402","Marine Resources Commission","1283","2019","Total",26776948
"15","Natural and Historic Resources","402","Marine Resources Commission","1283","2020","GF",15454598
"15","Natural and Historic Resources","402","Marine Resources Commission","1283","2020","NGF",12539413
"15","Natural and Historic Resources","402","Marine Resources Commission","1283","2020","Total",27994011
"15","Natural and Historic Resources","402","Marine Resources Commission","1","2021","GF",16070313
"15","Natural and Historic Resources","402","Marine Resources Commission","1","2021","NGF",13160364
"15","Natural and Historic Resources","402","Marine Resources Commission","1","2021","Total",29230677
"15","Natural and Historic Resources","402","Marine Resources Commission","1","2022","GF",16181245
"15","Natural and Historic Resources","402","Marine Resources Commission","1","2022","NGF",13045064
"15","Natural and Historic Resources","402","Marine Resources Commission","1","2022","Total",29226309
"15","Natural and Historic Resources","402","Marine Resources Commission","1","2023","GF",21558834
"15","Natural and Historic Resources","402","Marine Resources Commission","1","2023","NGF",13005787
"15","Natural and Historic Resources","402","Marine Resources Commission","1","2023","Total",34564621
"15","Natural and Historic Resources","402","Marine Resources Commission","1","2024","GF",17033534
"15","Natural and Historic Resources","402","Marine Resources Commission","1","2024","NGF",13005787
"15","Natural and Historic Resources","402","Marine Resources Commission","1","2024","Total",30039321
"15","Natural and Historic Resources","403","Department of Wildlife Resources","1283","2019","GF",0
"15","Natural and Historic Resources","403","Department of Wildlife Resources","1283","2019","NGF",63831765
"15","Natural and Historic Resources","403","Department of Wildlife Resources","1283","2019","Total",63831765
"15","Natural and Historic Resources","403","Department of Wildlife Resources","1283","2020","GF",0
"15","Natural and Historic Resources","403","Department of Wildlife Resources","1283","2020","NGF",64761765
"15","Natural and Historic Resources","403","Department of Wildlife Resources","1283","2020","Total",64761765
"15","Natural and Historic Resources","403","Department of Wildlife Resources","1","2021","GF",0
"15","Natural and Historic Resources","403","Department of Wildlife Resources","1","2021","NGF",67952102
"15","Natural and Historic Resources","403","Department of Wildlife Resources","1","2021","Total",67952102
"15","Natural and Historic Resources","403","Department of Wildlife Resources","1","2022","GF",0
"15","Natural and Historic Resources","403","Department of Wildlife Resources","1","2022","NGF",70741461
"15","Natural and Historic Resources","403","Department of Wildlife Resources","1","2022","Total",70741461
"15","Natural and Historic Resources","403","Department of Wildlife Resources","1","2023","GF",2e+05
"15","Natural and Historic Resources","403","Department of Wildlife Resources","1","2023","NGF",70783646
"15","Natural and Historic Resources","403","Department of Wildlife Resources","1","2023","Total",70983646
"15","Natural and Historic Resources","403","Department of Wildlife Resources","1","2024","GF",2e+05
"15","Natural and Historic Resources","403","Department of Wildlife Resources","1","2024","NGF",70783646
"15","Natural and Historic Resources","403","Department of Wildlife Resources","1","2024","Total",70983646
"15","Natural and Historic Resources","423","Department of Historic Resources","1283","2019","GF",4672030
"15","Natural and Historic Resources","423","Department of Historic Resources","1283","2019","NGF",3278350
"15","Natural and Historic Resources","423","Department of Historic Resources","1283","2019","Total",7950380
"15","Natural and Historic Resources","423","Department of Historic Resources","1283","2020","GF",4859300
"15","Natural and Historic Resources","423","Department of Historic Resources","1283","2020","NGF",3178350
"15","Natural and Historic Resources","423","Department of Historic Resources","1283","2020","Total",8037650
"15","Natural and Historic Resources","423","Department of Historic Resources","1","2021","GF",16654432
"15","Natural and Historic Resources","423","Department of Historic Resources","1","2021","NGF",3243824
"15","Natural and Historic Resources","423","Department of Historic Resources","1","2021","Total",19898256
"15","Natural and Historic Resources","423","Department of Historic Resources","1","2022","GF",6299178
"15","Natural and Historic Resources","423","Department of Historic Resources","1","2022","NGF",3243824
"15","Natural and Historic Resources","423","Department of Historic Resources","1","2022","Total",9543002
"15","Natural and Historic Resources","423","Department of Historic Resources","1","2023","GF",36310796
"15","Natural and Historic Resources","423","Department of Historic Resources","1","2023","NGF",3614068
"15","Natural and Historic Resources","423","Department of Historic Resources","1","2023","Total",39924864
"15","Natural and Historic Resources","423","Department of Historic Resources","1","2024","GF",19887956
"15","Natural and Historic Resources","423","Department of Historic Resources","1","2024","NGF",3614068
"15","Natural and Historic Resources","423","Department of Historic Resources","1","2024","Total",23502024
"15","Natural and Historic Resources","440","Department of Environmental Quality","1283","2019","GF",60361783
"15","Natural and Historic Resources","440","Department of Environmental Quality","1283","2019","NGF",139960369
"15","Natural and Historic Resources","440","Department of Environmental Quality","1283","2019","Total",200322152
"15","Natural and Historic Resources","440","Department of Environmental Quality","1283","2020","GF",40901658
"15","Natural and Historic Resources","440","Department of Environmental Quality","1283","2020","NGF",139960369
"15","Natural and Historic Resources","440","Department of Environmental Quality","1283","2020","Total",180862027
"15","Natural and Historic Resources","440","Department of Environmental Quality","1","2021","GF",42863491
"15","Natural and Historic Resources","440","Department of Environmental Quality","1","2021","NGF",141856299
"15","Natural and Historic Resources","440","Department of Environmental Quality","1","2021","Total",184719790
"15","Natural and Historic Resources","440","Department of Environmental Quality","1","2022","GF",81437752
"15","Natural and Historic Resources","440","Department of Environmental Quality","1","2022","NGF",141856299
"15","Natural and Historic Resources","440","Department of Environmental Quality","1","2022","Total",223294051
"15","Natural and Historic Resources","440","Department of Environmental Quality","1","2023","GF",67826042
"15","Natural and Historic Resources","440","Department of Environmental Quality","1","2023","NGF",149785826
"15","Natural and Historic Resources","440","Department of Environmental Quality","1","2023","Total",217611868
"15","Natural and Historic Resources","440","Department of Environmental Quality","1","2024","GF",264896002
"15","Natural and Historic Resources","440","Department of Environmental Quality","1","2024","NGF",149785826
"15","Natural and Historic Resources","440","Department of Environmental Quality","1","2024","Total",414681828
"16","Commerce and Trade","165","Department of Housing and Community Development","1283","2019","GF",88905720
"16","Commerce and Trade","165","Department of Housing and Community Development","1283","2019","NGF",73084436
"16","Commerce and Trade","165","Department of Housing and Community Development","1283","2019","Total",161990156
"16","Commerce and Trade","165","Department of Housing and Community Development","1283","2020","GF",116026436
"16","Commerce and Trade","165","Department of Housing and Community Development","1283","2020","NGF",73084436
"16","Commerce and Trade","165","Department of Housing and Community Development","1283","2020","Total",189110872
"16","Commerce and Trade","165","Department of Housing and Community Development","1","2021","GF",208142878
"16","Commerce and Trade","165","Department of Housing and Community Development","1","2021","NGF",111550944
"16","Commerce and Trade","165","Department of Housing and Community Development","1","2021","Total",319693822
"16","Commerce and Trade","165","Department of Housing and Community Development","1","2022","GF",204780878
"16","Commerce and Trade","165","Department of Housing and Community Development","1","2022","NGF",139850944
"16","Commerce and Trade","165","Department of Housing and Community Development","1","2022","Total",344631822
"16","Commerce and Trade","165","Department of Housing and Community Development","1","2023","GF",264045566
"16","Commerce and Trade","165","Department of Housing and Community Development","1","2023","NGF",235025518
"16","Commerce and Trade","165","Department of Housing and Community Development","1","2023","Total",499071084
"16","Commerce and Trade","165","Department of Housing and Community Development","1","2024","GF",239179222
"16","Commerce and Trade","165","Department of Housing and Community Development","1","2024","NGF",235025518
"16","Commerce and Trade","165","Department of Housing and Community Development","1","2024","Total",474204740
"16","Commerce and Trade","181","Department of Labor and Industry","1283","2019","GF",10042820
"16","Commerce and Trade","181","Department of Labor and Industry","1283","2019","NGF",7209825
"16","Commerce and Trade","181","Department of Labor and Industry","1283","2019","Total",17252645
"16","Commerce and Trade","181","Department of Labor and Industry","1283","2020","GF",10042820
"16","Commerce and Trade","181","Department of Labor and Industry","1283","2020","NGF",7209825
"16","Commerce and Trade","181","Department of Labor and Industry","1283","2020","Total",17252645
"16","Commerce and Trade","181","Department of Labor and Industry","1","2021","GF",0
"16","Commerce and Trade","181","Department of Labor and Industry","1","2021","NGF",0
"16","Commerce and Trade","181","Department of Labor and Industry","1","2021","Total",0
"16","Commerce and Trade","181","Department of Labor and Industry","1","2022","GF",0
"16","Commerce and Trade","181","Department of Labor and Industry","1","2022","NGF",0
"16","Commerce and Trade","181","Department of Labor and Industry","1","2022","Total",0
"16","Commerce and Trade","181","Department of Labor and Industry","1","2023","GF",0
"16","Commerce and Trade","181","Department of Labor and Industry","1","2023","NGF",0
"16","Commerce and Trade","181","Department of Labor and Industry","1","2023","Total",0
"16","Commerce and Trade","181","Department of Labor and Industry","1","2024","GF",0
"16","Commerce and Trade","181","Department of Labor and Industry","1","2024","NGF",0
"16","Commerce and Trade","181","Department of Labor and Industry","1","2024","Total",0
"16","Commerce and Trade","182","Virginia Employment Commission","1283","2019","GF",0
"16","Commerce and Trade","182","Virginia Employment Commission","1283","2019","NGF",560608306
"16","Commerce and Trade","182","Virginia Employment Commission","1283","2019","Total",560608306
"16","Commerce and Trade","182","Virginia Employment Commission","1283","2020","GF",0
"16","Commerce and Trade","182","Virginia Employment Commission","1283","2020","NGF",555408306
"16","Commerce and Trade","182","Virginia Employment Commission","1283","2020","Total",555408306
"16","Commerce and Trade","182","Virginia Employment Commission","1","2021","GF",0
"16","Commerce and Trade","182","Virginia Employment Commission","1","2021","NGF",0
"16","Commerce and Trade","182","Virginia Employment Commission","1","2021","Total",0
"16","Commerce and Trade","182","Virginia Employment Commission","1","2022","GF",0
"16","Commerce and Trade","182","Virginia Employment Commission","1","2022","NGF",0
"16","Commerce and Trade","182","Virginia Employment Commission","1","2022","Total",0
"16","Commerce and Trade","182","Virginia Employment Commission","1","2023","GF",0
"16","Commerce and Trade","182","Virginia Employment Commission","1","2023","NGF",0
"16","Commerce and Trade","182","Virginia Employment Commission","1","2023","Total",0
"16","Commerce and Trade","182","Virginia Employment Commission","1","2024","GF",0
"16","Commerce and Trade","182","Virginia Employment Commission","1","2024","NGF",0
"16","Commerce and Trade","182","Virginia Employment Commission","1","2024","Total",0
"16","Commerce and Trade","192","Secretary of Commerce and Trade","1283","2019","GF",936185
"16","Commerce and Trade","192","Secretary of Commerce and Trade","1283","2019","NGF",0
"16","Commerce and Trade","192","Secretary of Commerce and Trade","1283","2019","Total",936185
"16","Commerce and Trade","192","Secretary of Commerce and Trade","1283","2020","GF",1076185
"16","Commerce and Trade","192","Secretary of Commerce and Trade","1283","2020","NGF",0
"16","Commerce and Trade","192","Secretary of Commerce and Trade","1283","2020","Total",1076185
"16","Commerce and Trade","192","Secretary of Commerce and Trade","1","2021","GF",1110829
"16","Commerce and Trade","192","Secretary of Commerce and Trade","1","2021","NGF",0
"16","Commerce and Trade","192","Secretary of Commerce and Trade","1","2021","Total",1110829
"16","Commerce and Trade","192","Secretary of Commerce and Trade","1","2022","GF",1110829
"16","Commerce and Trade","192","Secretary of Commerce and Trade","1","2022","NGF",0
"16","Commerce and Trade","192","Secretary of Commerce and Trade","1","2022","Total",1110829
"16","Commerce and Trade","192","Secretary of Commerce and Trade","1","2023","GF",1156756
"16","Commerce and Trade","192","Secretary of Commerce and Trade","1","2023","NGF",0
"16","Commerce and Trade","192","Secretary of Commerce and Trade","1","2023","Total",1156756
"16","Commerce and Trade","192","Secretary of Commerce and Trade","1","2024","GF",1156756
"16","Commerce and Trade","192","Secretary of Commerce and Trade","1","2024","NGF",0
"16","Commerce and Trade","192","Secretary of Commerce and Trade","1","2024","Total",1156756
"16","Commerce and Trade","222","Department of Professional and Occupational Regulation","1283","2019","GF",0
"16","Commerce and Trade","222","Department of Professional and Occupational Regulation","1283","2019","NGF",23954438
"16","Commerce and Trade","222","Department of Professional and Occupational Regulation","1283","2019","Total",23954438
"16","Commerce and Trade","222","Department of Professional and Occupational Regulation","1283","2020","GF",0
"16","Commerce and Trade","222","Department of Professional and Occupational Regulation","1283","2020","NGF",23954438
"16","Commerce and Trade","222","Department of Professional and Occupational Regulation","1283","2020","Total",23954438
"16","Commerce and Trade","222","Department of Professional and Occupational Regulation","1","2021","GF",0
"16","Commerce and Trade","222","Department of Professional and Occupational Regulation","1","2021","NGF",0
"16","Commerce and Trade","222","Department of Professional and Occupational Regulation","1","2021","Total",0
"16","Commerce and Trade","222","Department of Professional and Occupational Regulation","1","2022","GF",0
"16","Commerce and Trade","222","Department of Professional and Occupational Regulation","1","2022","NGF",0
"16","Commerce and Trade","222","Department of Professional and Occupational Regulation","1","2022","Total",0
"16","Commerce and Trade","222","Department of Professional and Occupational Regulation","1","2023","GF",0
"16","Commerce and Trade","222","Department of Professional and Occupational Regulation","1","2023","NGF",0
"16","Commerce and Trade","222","Department of Professional and Occupational Regulation","1","2023","Total",0
"16","Commerce and Trade","222","Department of Professional and Occupational Regulation","1","2024","GF",0
"16","Commerce and Trade","222","Department of Professional and Occupational Regulation","1","2024","NGF",0
"16","Commerce and Trade","222","Department of Professional and Occupational Regulation","1","2024","Total",0
"16","Commerce and Trade","309","Virginia Innovation Partnership Authority","1283","2019","GF",0
"16","Commerce and Trade","309","Virginia Innovation Partnership Authority","1283","2019","NGF",0
"16","Commerce and Trade","309","Virginia Innovation Partnership Authority","1283","2019","Total",0
"16","Commerce and Trade","309","Virginia Innovation Partnership Authority","1283","2020","GF",0
"16","Commerce and Trade","309","Virginia Innovation Partnership Authority","1283","2020","NGF",0
"16","Commerce and Trade","309","Virginia Innovation Partnership Authority","1283","2020","Total",0
"16","Commerce and Trade","309","Virginia Innovation Partnership Authority","1","2021","GF",26100000
"16","Commerce and Trade","309","Virginia Innovation Partnership Authority","1","2021","NGF",2.5e+07
"16","Commerce and Trade","309","Virginia Innovation Partnership Authority","1","2021","Total",51100000
"16","Commerce and Trade","309","Virginia Innovation Partnership Authority","1","2022","GF",41550000
"16","Commerce and Trade","309","Virginia Innovation Partnership Authority","1","2022","NGF",0
"16","Commerce and Trade","309","Virginia Innovation Partnership Authority","1","2022","Total",41550000
"16","Commerce and Trade","309","Virginia Innovation Partnership Authority","1","2023","GF",47786623
"16","Commerce and Trade","309","Virginia Innovation Partnership Authority","1","2023","NGF",0
"16","Commerce and Trade","309","Virginia Innovation Partnership Authority","1","2023","Total",47786623
"16","Commerce and Trade","309","Virginia Innovation Partnership Authority","1","2024","GF",42395623
"16","Commerce and Trade","309","Virginia Innovation Partnership Authority","1","2024","NGF",0
"16","Commerce and Trade","309","Virginia Innovation Partnership Authority","1","2024","Total",42395623
"16","Commerce and Trade","310","Virginia Economic Development Partnership","1283","2019","GF",33597198
"16","Commerce and Trade","310","Virginia Economic Development Partnership","1283","2019","NGF",0
"16","Commerce and Trade","310","Virginia Economic Development Partnership","1283","2019","Total",33597198
"16","Commerce and Trade","310","Virginia Economic Development Partnership","1283","2020","GF",37807392
"16","Commerce and Trade","310","Virginia Economic Development Partnership","1283","2020","NGF",0
"16","Commerce and Trade","310","Virginia Economic Development Partnership","1283","2020","Total",37807392
"16","Commerce and Trade","310","Virginia Economic Development Partnership","1","2021","GF",34802309
"16","Commerce and Trade","310","Virginia Economic Development Partnership","1","2021","NGF",0
"16","Commerce and Trade","310","Virginia Economic Development Partnership","1","2021","Total",34802309
"16","Commerce and Trade","310","Virginia Economic Development Partnership","1","2022","GF",45179309
"16","Commerce and Trade","310","Virginia Economic Development Partnership","1","2022","NGF",0
"16","Commerce and Trade","310","Virginia Economic Development Partnership","1","2022","Total",45179309
"16","Commerce and Trade","310","Virginia Economic Development Partnership","1","2023","GF",48504192
"16","Commerce and Trade","310","Virginia Economic Development Partnership","1","2023","NGF",0
"16","Commerce and Trade","310","Virginia Economic Development Partnership","1","2023","Total",48504192
"16","Commerce and Trade","310","Virginia Economic Development Partnership","1","2024","GF",50077792
"16","Commerce and Trade","310","Virginia Economic Development Partnership","1","2024","NGF",0
"16","Commerce and Trade","310","Virginia Economic Development Partnership","1","2024","Total",50077792
"16","Commerce and Trade","312","Economic Development Incentive Payments","1283","2019","GF",41684808
"16","Commerce and Trade","312","Economic Development Incentive Payments","1283","2019","NGF",6280000
"16","Commerce and Trade","312","Economic Development Incentive Payments","1283","2019","Total",47964808
"16","Commerce and Trade","312","Economic Development Incentive Payments","1283","2020","GF",87912498
"16","Commerce and Trade","312","Economic Development Incentive Payments","1283","2020","NGF",6911000
"16","Commerce and Trade","312","Economic Development Incentive Payments","1283","2020","Total",94823498
"16","Commerce and Trade","312","Economic Development Incentive Payments","1","2021","GF",70341733
"16","Commerce and Trade","312","Economic Development Incentive Payments","1","2021","NGF",150000
"16","Commerce and Trade","312","Economic Development Incentive Payments","1","2021","Total",70491733
"16","Commerce and Trade","312","Economic Development Incentive Payments","1","2022","GF",97935483
"16","Commerce and Trade","312","Economic Development Incentive Payments","1","2022","NGF",150000
"16","Commerce and Trade","312","Economic Development Incentive Payments","1","2022","Total",98085483
"16","Commerce and Trade","312","Economic Development Incentive Payments","1","2023","GF",155433083
"16","Commerce and Trade","312","Economic Development Incentive Payments","1","2023","NGF",150000
"16","Commerce and Trade","312","Economic Development Incentive Payments","1","2023","Total",155583083
"16","Commerce and Trade","312","Economic Development Incentive Payments","1","2024","GF",403463433
"16","Commerce and Trade","312","Economic Development Incentive Payments","1","2024","NGF",150000
"16","Commerce and Trade","312","Economic Development Incentive Payments","1","2024","Total",403613433
"16","Commerce and Trade","320","Virginia Tourism Authority","1283","2019","GF",21035424
"16","Commerce and Trade","320","Virginia Tourism Authority","1283","2019","NGF",0
"16","Commerce and Trade","320","Virginia Tourism Authority","1283","2019","Total",21035424
"16","Commerce and Trade","320","Virginia Tourism Authority","1283","2020","GF",21335424
"16","Commerce and Trade","320","Virginia Tourism Authority","1283","2020","NGF",0
"16","Commerce and Trade","320","Virginia Tourism Authority","1283","2020","Total",21335424
"16","Commerce and Trade","320","Virginia Tourism Authority","1","2021","GF",20993272
"16","Commerce and Trade","320","Virginia Tourism Authority","1","2021","NGF",0
"16","Commerce and Trade","320","Virginia Tourism Authority","1","2021","Total",20993272
"16","Commerce and Trade","320","Virginia Tourism Authority","1","2022","GF",23233272
"16","Commerce and Trade","320","Virginia Tourism Authority","1","2022","NGF",0
"16","Commerce and Trade","320","Virginia Tourism Authority","1","2022","Total",23233272
"16","Commerce and Trade","320","Virginia Tourism Authority","1","2023","GF",27039872
"16","Commerce and Trade","320","Virginia Tourism Authority","1","2023","NGF",0
"16","Commerce and Trade","320","Virginia Tourism Authority","1","2023","Total",27039872
"16","Commerce and Trade","320","Virginia Tourism Authority","1","2024","GF",24511872
"16","Commerce and Trade","320","Virginia Tourism Authority","1","2024","NGF",0
"16","Commerce and Trade","320","Virginia Tourism Authority","1","2024","Total",24511872
"16","Commerce and Trade","350","Department of Small Business and Supplier Diversity","1283","2019","GF",4439269
"16","Commerce and Trade","350","Department of Small Business and Supplier Diversity","1283","2019","NGF",2899301
"16","Commerce and Trade","350","Department of Small Business and Supplier Diversity","1283","2019","Total",7338570
"16","Commerce and Trade","350","Department of Small Business and Supplier Diversity","1283","2020","GF",4189269
"16","Commerce and Trade","350","Department of Small Business and Supplier Diversity","1283","2020","NGF",2574301
"16","Commerce and Trade","350","Department of Small Business and Supplier Diversity","1283","2020","Total",6763570
"16","Commerce and Trade","350","Department of Small Business and Supplier Diversity","1","2021","GF",4387842
"16","Commerce and Trade","350","Department of Small Business and Supplier Diversity","1","2021","NGF",2642807
"16","Commerce and Trade","350","Department of Small Business and Supplier Diversity","1","2021","Total",7030649
"16","Commerce and Trade","350","Department of Small Business and Supplier Diversity","1","2022","GF",5727375
"16","Commerce and Trade","350","Department of Small Business and Supplier Diversity","1","2022","NGF",2642807
"16","Commerce and Trade","350","Department of Small Business and Supplier Diversity","1","2022","Total",8370182
"16","Commerce and Trade","350","Department of Small Business and Supplier Diversity","1","2023","GF",5892398
"16","Commerce and Trade","350","Department of Small Business and Supplier Diversity","1","2023","NGF",2739323
"16","Commerce and Trade","350","Department of Small Business and Supplier Diversity","1","2023","Total",8631721
"16","Commerce and Trade","350","Department of Small Business and Supplier Diversity","1","2024","GF",5892398
"16","Commerce and Trade","350","Department of Small Business and Supplier Diversity","1","2024","NGF",2739323
"16","Commerce and Trade","350","Department of Small Business and Supplier Diversity","1","2024","Total",8631721
"16","Commerce and Trade","360","Fort Monroe Authority","1283","2019","GF",6315606
"16","Commerce and Trade","360","Fort Monroe Authority","1283","2019","NGF",0
"16","Commerce and Trade","360","Fort Monroe Authority","1283","2019","Total",6315606
"16","Commerce and Trade","360","Fort Monroe Authority","1283","2020","GF",6080167
"16","Commerce and Trade","360","Fort Monroe Authority","1283","2020","NGF",0
"16","Commerce and Trade","360","Fort Monroe Authority","1283","2020","Total",6080167
"16","Commerce and Trade","360","Fort Monroe Authority","1","2021","GF",6174674
"16","Commerce and Trade","360","Fort Monroe Authority","1","2021","NGF",0
"16","Commerce and Trade","360","Fort Monroe Authority","1","2021","Total",6174674
"16","Commerce and Trade","360","Fort Monroe Authority","1","2022","GF",6174674
"16","Commerce and Trade","360","Fort Monroe Authority","1","2022","NGF",0
"16","Commerce and Trade","360","Fort Monroe Authority","1","2022","Total",6174674
"16","Commerce and Trade","360","Fort Monroe Authority","1","2023","GF",6840947
"16","Commerce and Trade","360","Fort Monroe Authority","1","2023","NGF",0
"16","Commerce and Trade","360","Fort Monroe Authority","1","2023","Total",6840947
"16","Commerce and Trade","360","Fort Monroe Authority","1","2024","GF",9097351
"16","Commerce and Trade","360","Fort Monroe Authority","1","2024","NGF",0
"16","Commerce and Trade","360","Fort Monroe Authority","1","2024","Total",9097351
"16","Commerce and Trade","409","Department of Energy","1283","2019","GF",13495297
"16","Commerce and Trade","409","Department of Energy","1283","2019","NGF",23584787
"16","Commerce and Trade","409","Department of Energy","1283","2019","Total",37080084
"16","Commerce and Trade","409","Department of Energy","1283","2020","GF",13632297
"16","Commerce and Trade","409","Department of Energy","1283","2020","NGF",23674787
"16","Commerce and Trade","409","Department of Energy","1283","2020","Total",37307084
"16","Commerce and Trade","409","Department of Energy","1","2021","GF",14424823
"16","Commerce and Trade","409","Department of Energy","1","2021","NGF",24561293
"16","Commerce and Trade","409","Department of Energy","1","2021","Total",38986116
"16","Commerce and Trade","409","Department of Energy","1","2022","GF",14127043
"16","Commerce and Trade","409","Department of Energy","1","2022","NGF",24561293
"16","Commerce and Trade","409","Department of Energy","1","2022","Total",38688336
"16","Commerce and Trade","409","Department of Energy","1","2023","GF",15123390
"16","Commerce and Trade","409","Department of Energy","1","2023","NGF",24827217
"16","Commerce and Trade","409","Department of Energy","1","2023","Total",39950607
"16","Commerce and Trade","409","Department of Energy","1","2024","GF",18623390
"16","Commerce and Trade","409","Department of Energy","1","2024","NGF",24827217
"16","Commerce and Trade","409","Department of Energy","1","2024","Total",43450607
"16","Commerce and Trade","934","Innovation and Entrepreneurship Investment Authority","1283","2019","GF",11046485
"16","Commerce and Trade","934","Innovation and Entrepreneurship Investment Authority","1283","2019","NGF",0
"16","Commerce and Trade","934","Innovation and Entrepreneurship Investment Authority","1283","2019","Total",11046485
"16","Commerce and Trade","934","Innovation and Entrepreneurship Investment Authority","1283","2020","GF",11296485
"16","Commerce and Trade","934","Innovation and Entrepreneurship Investment Authority","1283","2020","NGF",0
"16","Commerce and Trade","934","Innovation and Entrepreneurship Investment Authority","1283","2020","Total",11296485
"16","Commerce and Trade","934","Innovation and Entrepreneurship Investment Authority","1","2021","GF",0
"16","Commerce and Trade","934","Innovation and Entrepreneurship Investment Authority","1","2021","NGF",0
"16","Commerce and Trade","934","Innovation and Entrepreneurship Investment Authority","1","2021","Total",0
"16","Commerce and Trade","934","Innovation and Entrepreneurship Investment Authority","1","2022","GF",0
"16","Commerce and Trade","934","Innovation and Entrepreneurship Investment Authority","1","2022","NGF",0
"16","Commerce and Trade","934","Innovation and Entrepreneurship Investment Authority","1","2022","Total",0
"16","Commerce and Trade","934","Innovation and Entrepreneurship Investment Authority","1","2023","GF",0
"16","Commerce and Trade","934","Innovation and Entrepreneurship Investment Authority","1","2023","NGF",0
"16","Commerce and Trade","934","Innovation and Entrepreneurship Investment Authority","1","2023","Total",0
"16","Commerce and Trade","934","Innovation and Entrepreneurship Investment Authority","1","2024","GF",0
"16","Commerce and Trade","934","Innovation and Entrepreneurship Investment Authority","1","2024","NGF",0
"16","Commerce and Trade","934","Innovation and Entrepreneurship Investment Authority","1","2024","Total",0
"19","Agriculture and Forestry","193","Secretary of Agriculture and Forestry","1283","2019","GF",503367
"19","Agriculture and Forestry","193","Secretary of Agriculture and Forestry","1283","2019","NGF",0
"19","Agriculture and Forestry","193","Secretary of Agriculture and Forestry","1283","2019","Total",503367
"19","Agriculture and Forestry","193","Secretary of Agriculture and Forestry","1283","2020","GF",503367
"19","Agriculture and Forestry","193","Secretary of Agriculture and Forestry","1283","2020","NGF",0
"19","Agriculture and Forestry","193","Secretary of Agriculture and Forestry","1283","2020","Total",503367
"19","Agriculture and Forestry","193","Secretary of Agriculture and Forestry","1","2021","GF",518381
"19","Agriculture and Forestry","193","Secretary of Agriculture and Forestry","1","2021","NGF",0
"19","Agriculture and Forestry","193","Secretary of Agriculture and Forestry","1","2021","Total",518381
"19","Agriculture and Forestry","193","Secretary of Agriculture and Forestry","1","2022","GF",518381
"19","Agriculture and Forestry","193","Secretary of Agriculture and Forestry","1","2022","NGF",0
"19","Agriculture and Forestry","193","Secretary of Agriculture and Forestry","1","2022","Total",518381
"19","Agriculture and Forestry","193","Secretary of Agriculture and Forestry","1","2023","GF",546828
"19","Agriculture and Forestry","193","Secretary of Agriculture and Forestry","1","2023","NGF",0
"19","Agriculture and Forestry","193","Secretary of Agriculture and Forestry","1","2023","Total",546828
"19","Agriculture and Forestry","193","Secretary of Agriculture and Forestry","1","2024","GF",546828
"19","Agriculture and Forestry","193","Secretary of Agriculture and Forestry","1","2024","NGF",0
"19","Agriculture and Forestry","193","Secretary of Agriculture and Forestry","1","2024","Total",546828
"19","Agriculture and Forestry","301","Department of Agriculture and Consumer Services","1283","2019","GF",37084034
"19","Agriculture and Forestry","301","Department of Agriculture and Consumer Services","1283","2019","NGF",35925165
"19","Agriculture and Forestry","301","Department of Agriculture and Consumer Services","1283","2019","Total",73009199
"19","Agriculture and Forestry","301","Department of Agriculture and Consumer Services","1283","2020","GF",37234034
"19","Agriculture and Forestry","301","Department of Agriculture and Consumer Services","1283","2020","NGF",35940165
"19","Agriculture and Forestry","301","Department of Agriculture and Consumer Services","1283","2020","Total",73174199
"19","Agriculture and Forestry","301","Department of Agriculture and Consumer Services","1","2021","GF",43871662
"19","Agriculture and Forestry","301","Department of Agriculture and Consumer Services","1","2021","NGF",38240917
"19","Agriculture and Forestry","301","Department of Agriculture and Consumer Services","1","2021","Total",82112579
"19","Agriculture and Forestry","301","Department of Agriculture and Consumer Services","1","2022","GF",43258422
"19","Agriculture and Forestry","301","Department of Agriculture and Consumer Services","1","2022","NGF",38240917
"19","Agriculture and Forestry","301","Department of Agriculture and Consumer Services","1","2022","Total",81499339
"19","Agriculture and Forestry","301","Department of Agriculture and Consumer Services","1","2023","GF",49249000
"19","Agriculture and Forestry","301","Department of Agriculture and Consumer Services","1","2023","NGF",39246929
"19","Agriculture and Forestry","301","Department of Agriculture and Consumer Services","1","2023","Total",88495929
"19","Agriculture and Forestry","301","Department of Agriculture and Consumer Services","1","2024","GF",50317024
"19","Agriculture and Forestry","301","Department of Agriculture and Consumer Services","1","2024","NGF",39241929
"19","Agriculture and Forestry","301","Department of Agriculture and Consumer Services","1","2024","Total",89558953
"19","Agriculture and Forestry","307","Agricultural Council","1283","2019","GF",0
"19","Agriculture and Forestry","307","Agricultural Council","1283","2019","NGF",490308
"19","Agriculture and Forestry","307","Agricultural Council","1283","2019","Total",490308
"19","Agriculture and Forestry","307","Agricultural Council","1283","2020","GF",0
"19","Agriculture and Forestry","307","Agricultural Council","1283","2020","NGF",490308
"19","Agriculture and Forestry","307","Agricultural Council","1283","2020","Total",490308
"19","Agriculture and Forestry","307","Agricultural Council","1","2021","GF",0
"19","Agriculture and Forestry","307","Agricultural Council","1","2021","NGF",490675
"19","Agriculture and Forestry","307","Agricultural Council","1","2021","Total",490675
"19","Agriculture and Forestry","307","Agricultural Council","1","2022","GF",0
"19","Agriculture and Forestry","307","Agricultural Council","1","2022","NGF",490675
"19","Agriculture and Forestry","307","Agricultural Council","1","2022","Total",490675
"19","Agriculture and Forestry","307","Agricultural Council","1","2023","GF",0
"19","Agriculture and Forestry","307","Agricultural Council","1","2023","NGF",490509
"19","Agriculture and Forestry","307","Agricultural Council","1","2023","Total",490509
"19","Agriculture and Forestry","307","Agricultural Council","1","2024","GF",0
"19","Agriculture and Forestry","307","Agricultural Council","1","2024","NGF",490509
"19","Agriculture and Forestry","307","Agricultural Council","1","2024","Total",490509
"19","Agriculture and Forestry","405","Virginia Racing Commission","1283","2019","GF",0
"19","Agriculture and Forestry","405","Virginia Racing Commission","1283","2019","NGF",3188655
"19","Agriculture and Forestry","405","Virginia Racing Commission","1283","2019","Total",3188655
"19","Agriculture and Forestry","405","Virginia Racing Commission","1283","2020","GF",0
"19","Agriculture and Forestry","405","Virginia Racing Commission","1283","2020","NGF",3188655
"19","Agriculture and Forestry","405","Virginia Racing Commission","1283","2020","Total",3188655
"19","Agriculture and Forestry","405","Virginia Racing Commission","1","2021","GF",0
"19","Agriculture and Forestry","405","Virginia Racing Commission","1","2021","NGF",3208655
"19","Agriculture and Forestry","405","Virginia Racing Commission","1","2021","Total",3208655
"19","Agriculture and Forestry","405","Virginia Racing Commission","1","2022","GF",0
"19","Agriculture and Forestry","405","Virginia Racing Commission","1","2022","NGF",3208655
"19","Agriculture and Forestry","405","Virginia Racing Commission","1","2022","Total",3208655
"19","Agriculture and Forestry","405","Virginia Racing Commission","1","2023","GF",0
"19","Agriculture and Forestry","405","Virginia Racing Commission","1","2023","NGF",6073891
"19","Agriculture and Forestry","405","Virginia Racing Commission","1","2023","Total",6073891
"19","Agriculture and Forestry","405","Virginia Racing Commission","1","2024","GF",0
"19","Agriculture and Forestry","405","Virginia Racing Commission","1","2024","NGF",6073891
"19","Agriculture and Forestry","405","Virginia Racing Commission","1","2024","Total",6073891
"19","Agriculture and Forestry","411","Department of Forestry","1283","2019","GF",19267285
"19","Agriculture and Forestry","411","Department of Forestry","1283","2019","NGF",14914733
"19","Agriculture and Forestry","411","Department of Forestry","1283","2019","Total",34182018
"19","Agriculture and Forestry","411","Department of Forestry","1283","2020","GF",19231285
"19","Agriculture and Forestry","411","Department of Forestry","1283","2020","NGF",14914733
"19","Agriculture and Forestry","411","Department of Forestry","1283","2020","Total",34146018
"19","Agriculture and Forestry","411","Department of Forestry","1","2021","GF",20411165
"19","Agriculture and Forestry","411","Department of Forestry","1","2021","NGF",15413742
"19","Agriculture and Forestry","411","Department of Forestry","1","2021","Total",35824907
"19","Agriculture and Forestry","411","Department of Forestry","1","2022","GF",21701822
"19","Agriculture and Forestry","411","Department of Forestry","1","2022","NGF",15413742
"19","Agriculture and Forestry","411","Department of Forestry","1","2022","Total",37115564
"19","Agriculture and Forestry","411","Department of Forestry","1","2023","GF",28624159
"19","Agriculture and Forestry","411","Department of Forestry","1","2023","NGF",15994378
"19","Agriculture and Forestry","411","Department of Forestry","1","2023","Total",44618537
"19","Agriculture and Forestry","411","Department of Forestry","1","2024","GF",23047329
"19","Agriculture and Forestry","411","Department of Forestry","1","2024","NGF",15994378
"19","Agriculture and Forestry","411","Department of Forestry","1","2024","Total",39041707
"20","Veterans and Defense Affairs","123","Department of Military Affairs","1283","2019","GF",10851085
"20","Veterans and Defense Affairs","123","Department of Military Affairs","1283","2019","NGF",57560042
"20","Veterans and Defense Affairs","123","Department of Military Affairs","1283","2019","Total",68411127
"20","Veterans and Defense Affairs","123","Department of Military Affairs","1283","2020","GF",11025505
"20","Veterans and Defense Affairs","123","Department of Military Affairs","1283","2020","NGF",57560042
"20","Veterans and Defense Affairs","123","Department of Military Affairs","1283","2020","Total",68585547
"20","Veterans and Defense Affairs","123","Department of Military Affairs","1","2021","GF",11521448
"20","Veterans and Defense Affairs","123","Department of Military Affairs","1","2021","NGF",65140046
"20","Veterans and Defense Affairs","123","Department of Military Affairs","1","2021","Total",76661494
"20","Veterans and Defense Affairs","123","Department of Military Affairs","1","2022","GF",11771448
"20","Veterans and Defense Affairs","123","Department of Military Affairs","1","2022","NGF",65140046
"20","Veterans and Defense Affairs","123","Department of Military Affairs","1","2022","Total",76911494
"20","Veterans and Defense Affairs","123","Department of Military Affairs","1","2023","GF",14283434
"20","Veterans and Defense Affairs","123","Department of Military Affairs","1","2023","NGF",66757077
"20","Veterans and Defense Affairs","123","Department of Military Affairs","1","2023","Total",81040511
"20","Veterans and Defense Affairs","123","Department of Military Affairs","1","2024","GF",14018908
"20","Veterans and Defense Affairs","123","Department of Military Affairs","1","2024","NGF",66757077
"20","Veterans and Defense Affairs","123","Department of Military Affairs","1","2024","Total",80775985
"20","Veterans and Defense Affairs","454","Secretary of Veterans and Defense Affairs","1283","2019","GF",1470878
"20","Veterans and Defense Affairs","454","Secretary of Veterans and Defense Affairs","1283","2019","NGF",372030
"20","Veterans and Defense Affairs","454","Secretary of Veterans and Defense Affairs","1283","2019","Total",1842908
"20","Veterans and Defense Affairs","454","Secretary of Veterans and Defense Affairs","1283","2020","GF",1470878
"20","Veterans and Defense Affairs","454","Secretary of Veterans and Defense Affairs","1283","2020","NGF",2872030
"20","Veterans and Defense Affairs","454","Secretary of Veterans and Defense Affairs","1283","2020","Total",4342908
"20","Veterans and Defense Affairs","454","Secretary of Veterans and Defense Affairs","1","2021","GF",1466825
"20","Veterans and Defense Affairs","454","Secretary of Veterans and Defense Affairs","1","2021","NGF",3476893
"20","Veterans and Defense Affairs","454","Secretary of Veterans and Defense Affairs","1","2021","Total",4943718
"20","Veterans and Defense Affairs","454","Secretary of Veterans and Defense Affairs","1","2022","GF",1466825
"20","Veterans and Defense Affairs","454","Secretary of Veterans and Defense Affairs","1","2022","NGF",2876893
"20","Veterans and Defense Affairs","454","Secretary of Veterans and Defense Affairs","1","2022","Total",4343718
"20","Veterans and Defense Affairs","454","Secretary of Veterans and Defense Affairs","1","2023","GF",6850740
"20","Veterans and Defense Affairs","454","Secretary of Veterans and Defense Affairs","1","2023","NGF",2858123
"20","Veterans and Defense Affairs","454","Secretary of Veterans and Defense Affairs","1","2023","Total",9708863
"20","Veterans and Defense Affairs","454","Secretary of Veterans and Defense Affairs","1","2024","GF",1850740
"20","Veterans and Defense Affairs","454","Secretary of Veterans and Defense Affairs","1","2024","NGF",2858123
"20","Veterans and Defense Affairs","454","Secretary of Veterans and Defense Affairs","1","2024","Total",4708863
"20","Veterans and Defense Affairs","912","Department of Veterans Services","1283","2019","GF",20661608
"20","Veterans and Defense Affairs","912","Department of Veterans Services","1283","2019","NGF",64422945
"20","Veterans and Defense Affairs","912","Department of Veterans Services","1283","2019","Total",85084553
"20","Veterans and Defense Affairs","912","Department of Veterans Services","1283","2020","GF",21496312
"20","Veterans and Defense Affairs","912","Department of Veterans Services","1283","2020","NGF",77220052
"20","Veterans and Defense Affairs","912","Department of Veterans Services","1283","2020","Total",98716364
"20","Veterans and Defense Affairs","912","Department of Veterans Services","1","2021","GF",22673078
"20","Veterans and Defense Affairs","912","Department of Veterans Services","1","2021","NGF",87603216
"20","Veterans and Defense Affairs","912","Department of Veterans Services","1","2021","Total",110276294
"20","Veterans and Defense Affairs","912","Department of Veterans Services","1","2022","GF",28547578
"20","Veterans and Defense Affairs","912","Department of Veterans Services","1","2022","NGF",99608216
"20","Veterans and Defense Affairs","912","Department of Veterans Services","1","2022","Total",128155794
"20","Veterans and Defense Affairs","912","Department of Veterans Services","1","2023","GF",36942908
"20","Veterans and Defense Affairs","912","Department of Veterans Services","1","2023","NGF",101343037
"20","Veterans and Defense Affairs","912","Department of Veterans Services","1","2023","Total",138285945
"20","Veterans and Defense Affairs","912","Department of Veterans Services","1","2024","GF",36756876
"20","Veterans and Defense Affairs","912","Department of Veterans Services","1","2024","NGF",101343037
"20","Veterans and Defense Affairs","912","Department of Veterans Services","1","2024","Total",138099913
"20","Veterans and Defense Affairs","913","Veterans Services Foundation","1283","2019","GF",115000
"20","Veterans and Defense Affairs","913","Veterans Services Foundation","1283","2019","NGF",796500
"20","Veterans and Defense Affairs","913","Veterans Services Foundation","1283","2019","Total",911500
"20","Veterans and Defense Affairs","913","Veterans Services Foundation","1283","2020","GF",115000
"20","Veterans and Defense Affairs","913","Veterans Services Foundation","1283","2020","NGF",796500
"20","Veterans and Defense Affairs","913","Veterans Services Foundation","1283","2020","Total",911500
"20","Veterans and Defense Affairs","913","Veterans Services Foundation","1","2021","GF",351575
"20","Veterans and Defense Affairs","913","Veterans Services Foundation","1","2021","NGF",796500
"20","Veterans and Defense Affairs","913","Veterans Services Foundation","1","2021","Total",1148075
"20","Veterans and Defense Affairs","913","Veterans Services Foundation","1","2022","GF",351575
"20","Veterans and Defense Affairs","913","Veterans Services Foundation","1","2022","NGF",796500
"20","Veterans and Defense Affairs","913","Veterans Services Foundation","1","2022","Total",1148075
"20","Veterans and Defense Affairs","913","Veterans Services Foundation","1","2023","GF",412592
"20","Veterans and Defense Affairs","913","Veterans Services Foundation","1","2023","NGF",796500
"20","Veterans and Defense Affairs","913","Veterans Services Foundation","1","2023","Total",1209092
"20","Veterans and Defense Affairs","913","Veterans Services Foundation","1","2024","GF",412592
"20","Veterans and Defense Affairs","913","Veterans Services Foundation","1","2024","NGF",796500
"20","Veterans and Defense Affairs","913","Veterans Services Foundation","1","2024","Total",1209092
"23","Labor","181","Department of Labor and Industry","1283","2019","GF",0
"23","Labor","181","Department of Labor and Industry","1283","2019","NGF",0
"23","Labor","181","Department of Labor and Industry","1283","2019","Total",0
"23","Labor","181","Department of Labor and Industry","1283","2020","GF",0
"23","Labor","181","Department of Labor and Industry","1283","2020","NGF",0
"23","Labor","181","Department of Labor and Industry","1283","2020","Total",0
"23","Labor","181","Department of Labor and Industry","1","2021","GF",11630408
"23","Labor","181","Department of Labor and Industry","1","2021","NGF",8088719
"23","Labor","181","Department of Labor and Industry","1","2021","Total",19719127
"23","Labor","181","Department of Labor and Industry","1","2022","GF",13242699
"23","Labor","181","Department of Labor and Industry","1","2022","NGF",8088719
"23","Labor","181","Department of Labor and Industry","1","2022","Total",21331418
"23","Labor","181","Department of Labor and Industry","1","2023","GF",17679266
"23","Labor","181","Department of Labor and Industry","1","2023","NGF",8394187
"23","Labor","181","Department of Labor and Industry","1","2023","Total",26073453
"23","Labor","181","Department of Labor and Industry","1","2024","GF",14179266
"23","Labor","181","Department of Labor and Industry","1","2024","NGF",8394187
"23","Labor","181","Department of Labor and Industry","1","2024","Total",22573453
"23","Labor","182","Virginia Employment Commission","1283","2019","GF",0
"23","Labor","182","Virginia Employment Commission","1283","2019","NGF",0
"23","Labor","182","Virginia Employment Commission","1283","2019","Total",0
"23","Labor","182","Virginia Employment Commission","1283","2020","GF",0
"23","Labor","182","Virginia Employment Commission","1283","2020","NGF",0
"23","Labor","182","Virginia Employment Commission","1283","2020","Total",0
"23","Labor","182","Virginia Employment Commission","1","2021","GF",0
"23","Labor","182","Virginia Employment Commission","1","2021","NGF",558430056
"23","Labor","182","Virginia Employment Commission","1","2021","Total",558430056
"23","Labor","182","Virginia Employment Commission","1","2022","GF",34984242
"23","Labor","182","Virginia Employment Commission","1","2022","NGF",555225400
"23","Labor","182","Virginia Employment Commission","1","2022","Total",590209642
"23","Labor","182","Virginia Employment Commission","1","2023","GF",0
"23","Labor","182","Virginia Employment Commission","1","2023","NGF",715689968
"23","Labor","182","Virginia Employment Commission","1","2023","Total",715689968
"23","Labor","182","Virginia Employment Commission","1","2024","GF",0
"23","Labor","182","Virginia Employment Commission","1","2024","NGF",642307116
"23","Labor","182","Virginia Employment Commission","1","2024","Total",642307116
"23","Labor","195","Secretary of Labor","1283","2019","GF",0
"23","Labor","195","Secretary of Labor","1283","2019","NGF",0
"23","Labor","195","Secretary of Labor","1283","2019","Total",0
"23","Labor","195","Secretary of Labor","1283","2020","GF",0
"23","Labor","195","Secretary of Labor","1283","2020","NGF",0
"23","Labor","195","Secretary of Labor","1283","2020","Total",0
"23","Labor","195","Secretary of Labor","1","2021","GF",0
"23","Labor","195","Secretary of Labor","1","2021","NGF",0
"23","Labor","195","Secretary of Labor","1","2021","Total",0
"23","Labor","195","Secretary of Labor","1","2022","GF",599192
"23","Labor","195","Secretary of Labor","1","2022","NGF",0
"23","Labor","195","Secretary of Labor","1","2022","Total",599192
"23","Labor","195","Secretary of Labor","1","2023","GF",599192
"23","Labor","195","Secretary of Labor","1","2023","NGF",0
"23","Labor","195","Secretary of Labor","1","2023","Total",599192
"23","Labor","195","Secretary of Labor","1","2024","GF",1099192
"23","Labor","195","Secretary of Labor","1","2024","NGF",0
"23","Labor","195","Secretary of Labor","1","2024","Total",1099192
"23","Labor","222","Department of Professional and Occupational Regulation","1283","2019","GF",0
"23","Labor","222","Department of Professional and Occupational Regulation","1283","2019","NGF",0
"23","Labor","222","Department of Professional and Occupational Regulation","1283","2019","Total",0
"23","Labor","222","Department of Professional and Occupational Regulation","1283","2020","GF",0
"23","Labor","222","Department of Professional and Occupational Regulation","1283","2020","NGF",0
"23","Labor","222","Department of Professional and Occupational Regulation","1283","2020","Total",0
"23","Labor","222","Department of Professional and Occupational Regulation","1","2021","GF",0
"23","Labor","222","Department of Professional and Occupational Regulation","1","2021","NGF",25028025
"23","Labor","222","Department of Professional and Occupational Regulation","1","2021","Total",25028025
"23","Labor","222","Department of Professional and Occupational Regulation","1","2022","GF",0
"23","Labor","222","Department of Professional and Occupational Regulation","1","2022","NGF",25026017
"23","Labor","222","Department of Professional and Occupational Regulation","1","2022","Total",25026017
"23","Labor","222","Department of Professional and Occupational Regulation","1","2023","GF",0
"23","Labor","222","Department of Professional and Occupational Regulation","1","2023","NGF",26020013
"23","Labor","222","Department of Professional and Occupational Regulation","1","2023","Total",26020013
"23","Labor","222","Department of Professional and Occupational Regulation","1","2024","GF",0
"23","Labor","222","Department of Professional and Occupational Regulation","1","2024","NGF",26020013
"23","Labor","222","Department of Professional and Occupational Regulation","1","2024","Total",26020013
